Accession,Pangolin
MW988204,P.1
MZ376178,P.1
MZ317192,P.1
MZ192710,P.1
MZ167833,P.1
MZ384193,P.1
MZ349107,P.1
MZ349422,P.1
MZ349546,P.1
MZ349688,P.1
MZ341129,P.1
MZ341282,P.1
MZ342120,P.1
MZ342127,P.1
MZ333307,P.1
MZ307385,P.1
MZ307410,P.1
MZ307788,P.1
MZ307893,P.1
MZ295504,P.1
MZ281991,P.1
MZ282468,P.1
MZ284643,P.1
MZ271742,P.1
MZ256498,P.1
MZ244951,P.1
MZ245294,P.1
MZ252329,P.1
MZ252969,P.1
MZ211642,P.1
MZ213691,P.1
MZ213986,P.1
MZ214203,P.1
MZ214204,P.1
MZ192283,P.1
MZ193819,P.1
MZ185865,P.1
MZ186703,P.1
MZ083400,P.1
MZ083969,P.1
MZ084046,P.1
MZ086361,P.1
MZ086362,P.1
MZ086364,P.1
MZ071220,P.1
MZ073021,P.1
MZ075064,P.1
MZ022786,P.1
MZ023289,P.1
MZ023860,P.1
MZ025062,P.1
MZ013886,P.1
MZ002273,P.1
MW968634,P.1
MW906775,P.1
MZ280473,P.1
MZ195246,P.1
MZ453663,P.1
MZ388173,P.1
MZ388213,P.1
MZ158446,P.1
MZ453595,P.1
MZ453597,P.1
MZ453600,P.1
MZ453606,P.1
MZ453610,P.1
MZ453623,P.1
MZ453635,P.1
MZ453644,P.1
MZ453648,P.1
MZ461189,P.1
MZ461192,P.1
MZ461196,P.1
MZ461242,P.1
MZ461257,P.1
MZ367940,P.1
MZ367949,P.1
MZ367995,P.1
MZ368018,P.1
MZ368047,P.1
MZ453659,P.1
MZ453671,P.1
MZ461023,P.1
MZ461032,P.1
MZ461036,P.1
MZ461038,P.1
MZ461104,P.1
MZ461310,P.1
MZ388144,P.1
MZ388146,P.1
MZ388148,P.1
MZ388179,P.1
MZ388183,P.1
MZ388192,P.1
MZ388193,P.1
MZ388222,P.1
MZ388286,P.1
MZ222484,P.1
MZ222513,P.1
MZ222525,P.1
MZ158467,P.1
MZ158468,P.1
MZ158490,P.1
MZ453642,P.1
MZ388353,P.1
MZ368008,P.1
MZ368028,P.1
MZ453620,P.1
MZ453625,P.1
MZ461250,P.1
MZ388367,P.1
MZ368080,P.1
MZ367767,P.1
MZ367774,P.1
MZ453682,P.1
MZ453684,P.1
MZ453749,P.1
MZ461118,P.1
MZ461160,P.1
MZ451977,P.1
MZ451985,P.1
MZ452008,P.1
MZ452011,P.1
MZ452012,P.1
MZ388008,P.1
MZ388387,P.1
MZ367804,P.1
MZ367805,P.1
MZ367815,P.1
MZ367837,P.1
MZ158524,P.1
MZ451981,P.1
MZ388276,P.1
MZ348330,P.1
MZ450370,P.1
MZ411900,P.1
MZ411901,P.1
MZ411918,P.1
MZ411932,P.1
MZ411936,P.1
MZ368533,P.1
MZ372530,P.1
MZ372652,P.1
MZ372697,P.1
MZ372702,P.1
MZ372769,P.1
MZ372770,P.1
MZ372777,P.1
MZ372789,P.1
MZ372849,P.1
MZ372915,P.1
MZ356682,P.1
MZ356716,P.1
MZ341205,P.1
MZ320896,P.1
MZ306390,P.1
MZ296062,P.1
MZ241045,P.1
MZ213005,P.1
MZ213007,P.1
MZ214073,P.1
MZ101239,P.1
MZ075512,P.1
MZ060915,P.1
MZ003602,P.1
MZ358695,P.1
MZ270527,P.1
MZ451926,P.1
MZ451933,P.1
MZ451934,P.1
MZ451936,P.1
MZ451938,P.1
MZ358610,P.1
MZ358612,P.1
MZ206247,P.1
MZ082745,P.1
MZ450189,P.1
MZ451365,P.1
MZ451369,P.1
MZ451370,P.1
MZ451371,P.1
MZ432474,P.1
MZ414264,P.1
MZ414270,P.1
MZ414272,P.1
MZ414285,P.1
MZ414372,P.1
MZ414373,P.1
MZ414383,P.1
MZ412329,P.1
MZ412409,P.1
MZ412449,P.1
MZ386144,P.1
MZ371137,P.1
MZ371380,P.1
MZ371518,P.1
MZ371578,P.1
MZ371631,P.1
MZ372188,P.1
MZ372194,P.1
MZ360421,P.1
MZ341362,P.1
MZ341531,P.1
MZ341944,P.1
MZ341982,P.1
MZ342136,P.1
MZ342160,P.1
MZ342355,P.1
MZ317691,P.1
MZ317692,P.1
MZ317698,P.1
MZ317703,P.1
MZ317718,P.1
MZ315107,P.1
MZ307539,P.1
MZ308164,P.1
MZ295729,P.1
MZ283262,P.1
MZ244771,P.1
MZ252528,P.1
MZ253542,P.1
MZ203342,P.1
MZ203345,P.1
MZ166022,P.1
MZ166199,P.1
MZ164559,P.1
MZ131087,P.1
MZ132255,P.1
MZ142326,P.1
MZ142518,P.1
MZ101194,P.1
MZ060428,P.1
MZ046451,P.1
MZ035205,P.1
MZ022631,P.1
MZ023678,P.1
MZ002803,P.1
MZ282065,P.1
MZ282542,P.1
MZ241032,P.1
MZ187864,P.1
MZ022480,P.1
MW990777,P.1
MW990778,P.1
MZ184251,P.1
MZ010100,P.1
MZ411927,P.1
MZ331115,P.1
MZ058138,P.1
MZ004751,P.1
MZ449724,P.1
MZ450384,P.1
MZ450407,P.1
MZ450506,P.1
MZ450531,P.1
MZ450763,P.1
MZ433494,P.1
MZ433505,P.1
MZ433506,P.1
MZ433507,P.1
MZ433509,P.1
MZ433510,P.1
MZ433511,P.1
MZ414836,P.1
MZ414837,P.1
MZ415626,P.1
MZ416028,P.1
MZ384154,P.1
MZ386119,P.1
MZ386282,P.1
MZ375873,P.1
MZ376340,P.1
MZ376543,P.1
MZ368494,P.1
MZ368500,P.1
MZ368513,P.1
MZ368524,P.1
MZ368525,P.1
MZ368526,P.1
MZ368531,P.1
MZ368534,P.1
MZ368535,P.1
MZ372971,P.1
MZ356637,P.1
MZ356644,P.1
MZ356647,P.1
MZ356649,P.1
MZ356657,P.1
MZ356658,P.1
MZ356659,P.1
MZ356661,P.1
MZ356664,P.1
MZ356665,P.1
MZ357799,P.1
MZ354276,P.1
MZ349796,P.1
MZ337591,P.1
MZ337593,P.1
MZ337594,P.1
MZ319405,P.1
MZ319802,P.1
MZ319803,P.1
MZ320911,P.1
MZ322034,P.1
MZ322050,P.1
MZ316452,P.1
MZ316543,P.1
MZ316568,P.1
MZ317214,P.1
MZ305376,P.1
MZ305377,P.1
MZ306522,P.1
MZ307062,P.1
MZ294101,P.1
MZ294135,P.1
MZ294564,P.1
MZ277919,P.1
MZ277920,P.1
MZ277983,P.1
MZ277986,P.1
MZ277995,P.1
MZ278001,P.1
MZ278004,P.1
MZ278006,P.1
MZ278508,P.1
MZ278519,P.1
MZ278520,P.1
MZ278526,P.1
MZ278529,P.1
MZ278530,P.1
MZ280782,P.1
MZ280842,P.1
MZ281037,P.1
MZ281218,P.1
MZ281451,P.1
MZ282982,P.1
MZ283396,P.1
MZ283434,P.1
MZ283808,P.1
MZ284817,P.1
MZ290152,P.1
MZ290153,P.1
MZ290154,P.1
MZ290156,P.1
MZ290160,P.1
MZ290177,P.1
MZ290192,P.1
MZ290380,P.1
MZ290737,P.1
MZ290911,P.1
MZ291221,P.1
MZ255068,P.1
MZ237321,P.1
MZ237848,P.1
MZ237851,P.1
MZ237869,P.1
MZ237941,P.1
MZ238864,P.1
MZ240200,P.1
MZ240300,P.1
MZ245342,P.1
MZ252334,P.1
MZ227903,P.1
MZ228165,P.1
MZ222419,P.1
MZ222433,P.1
MZ222450,P.1
MZ210929,P.1
MZ211057,P.1
MZ212370,P.1
MZ212579,P.1
MZ213312,P.1
MZ213313,P.1
MZ214385,P.1
MZ214606,P.1
MZ215150,P.1
MZ215400,P.1
MZ206380,P.1
MZ206383,P.1
MZ206421,P.1
MZ192443,P.1
MZ192450,P.1
MZ195764,P.1
MZ201344,P.1
MZ201842,P.1
MZ183985,P.1
MZ183986,P.1
MZ183989,P.1
MZ183993,P.1
MZ183995,P.1
MZ183996,P.1
MZ183998,P.1
MZ184144,P.1
MZ184418,P.1
MZ185179,P.1
MZ185305,P.1
MZ187355,P.1
MZ187363,P.1
MZ187421,P.1
MZ187524,P.1
MZ188287,P.1
MZ159121,P.1
MZ159124,P.1
MZ163916,P.1
MZ163941,P.1
MZ164270,P.1
MZ164471,P.1
MZ164497,P.1
MZ164500,P.1
MZ164504,P.1
MZ164505,P.1
MZ154588,P.1
MZ149277,P.1
MZ149282,P.1
MZ149283,P.1
MZ149284,P.1
MZ149287,P.1
MZ149288,P.1
MZ149291,P.1
MZ149292,P.1
MZ149293,P.1
MZ144335,P.1
MZ144355,P.1
MZ144358,P.1
MZ144366,P.1
MZ144372,P.1
MZ099849,P.1
MZ099860,P.1
MZ100385,P.1
MZ084868,P.1
MZ085852,P.1
MZ086035,P.1
MZ070283,P.1
MZ074348,P.1
MZ075745,P.1
MZ076694,P.1
MZ076698,P.1
MZ076702,P.1
MZ076703,P.1
MZ076772,P.1
MZ058011,P.1
MZ059120,P.1
MZ059867,P.1
MZ059877,P.1
MZ061380,P.1
MZ061536,P.1
MZ033048,P.1
MZ033051,P.1
MZ033058,P.1
MZ033059,P.1
MZ034808,P.1
MZ022604,P.1
MZ022606,P.1
MZ024532,P.1
MZ025005,P.1
MZ008597,P.1
MZ009088,P.1
MZ009961,P.1
MW990254,P.1
MW990258,P.1
MW990259,P.1
MW990262,P.1
MW990263,P.1
MW990267,P.1
MW990268,P.1
MW990269,P.1
MW990273,P.1
MW990286,P.1
MW990288,P.1
MW990289,P.1
MW966059,P.1
MW968539,P.1
MW963243,P.1
MW963247,P.1
MW963270,P.1
MW963316,P.1
MZ450220,P.1
MZ450268,P.1
MZ450367,P.1
MZ386347,P.1
MZ386351,P.1
MZ386357,P.1
MZ386373,P.1
MZ376242,P.1
MZ376400,P.1
MZ376481,P.1
MZ371259,P.1
MZ371860,P.1
MZ349122,P.1
MZ349434,P.1
MZ349691,P.1
MZ349880,P.1
MZ349882,P.1
MZ319837,P.1
MZ320610,P.1
MZ320617,P.1
MZ316205,P.1
MZ294442,P.1
MZ294603,P.1
MZ296103,P.1
MZ280495,P.1
MZ280569,P.1
MZ280580,P.1
MZ280795,P.1
MZ280797,P.1
MZ281526,P.1
MZ282437,P.1
MZ282685,P.1
MZ283225,P.1
MZ283576,P.1
MZ284008,P.1
MZ284009,P.1
MZ284020,P.1
MZ238715,P.1
MZ238731,P.1
MZ238732,P.1
MZ244351,P.1
MZ244873,P.1
MZ244995,P.1
MZ244996,P.1
MZ244997,P.1
MZ245009,P.1
MZ252530,P.1
MZ210679,P.1
MZ213420,P.1
MZ214175,P.1
MZ215481,P.1
MZ184522,P.1
MZ184639,P.1
MZ184882,P.1
MZ185796,P.1
MZ185840,P.1
MZ187034,P.1
MZ187777,P.1
MZ158782,P.1
MZ131029,P.1
MZ131047,P.1
MZ142595,P.1
MZ083144,P.1
MZ083235,P.1
MZ086349,P.1
MZ086490,P.1
MZ075112,P.1
MZ076305,P.1
MW991134,P.1
MW995094,P.1
MW967098,P.1
MZ360032,P.1
MZ358585,P.1
MZ048694,P.1
MZ453490,P.1
MZ371605,P.1
MZ281248,P.1
MZ281652,P.1
MZ282576,P.1
MZ255091,P.1
MZ259733,P.1
MZ238684,P.1
MZ252767,P.1
MZ214722,P.1
MZ060929,P.1
MZ023880,P.1
MZ024123,P.1
MZ024130,P.1
MZ024735,P.1
MZ010165,P.1
MZ354647,P.1
MZ355374,P.1
MZ354646,P.1
MZ354649,P.1
MZ261943,P.1
MZ161174,P.1
MZ429120,P.1
MZ429126,P.1
MZ429128,P.1
MZ358622,P.1
MZ164731,P.1
MZ028902,P.1
MZ450226,P.1
MZ411770,P.1
MZ397252,P.1
MZ397256,P.1
MZ397300,P.1
MZ376390,P.1
MZ371124,P.1
MZ342223,P.1
MZ317785,P.1
MZ317793,P.1
MZ317800,P.1
MZ317806,P.1
MZ317809,P.1
MZ317819,P.1
MZ317820,P.1
MZ317832,P.1
MZ317843,P.1
MZ308114,P.1
MZ308115,P.1
MZ294263,P.1
MZ294266,P.1
MZ294536,P.1
MZ280282,P.1
MZ280284,P.1
MZ284376,P.1
MZ268258,P.1
MZ268277,P.1
MZ268282,P.1
MZ268286,P.1
MZ268287,P.1
MZ268288,P.1
MZ268294,P.1
MZ268306,P.1
MZ268352,P.1
MZ268374,P.1
MZ268381,P.1
MZ268382,P.1
MZ240388,P.1
MZ241040,P.1
MZ244968,P.1
MZ245066,P.1
MZ252410,P.1
MZ252494,P.1
MZ210373,P.1
MZ214915,P.1
MZ214985,P.1
MZ217788,P.1
MZ217854,P.1
MZ217856,P.1
MZ217880,P.1
MZ217882,P.1
MZ217883,P.1
MZ217911,P.1
MZ217922,P.1
MZ217929,P.1
MZ217931,P.1
MZ217940,P.1
MZ217954,P.1
MZ217960,P.1
MZ217969,P.1
MZ195342,P.1
MZ195343,P.1
MZ183957,P.1
MZ185237,P.1
MZ185499,P.1
MZ186444,P.1
MZ187245,P.1
MZ187909,P.1
MZ160398,P.1
MZ160405,P.1
MZ160436,P.1
MZ160438,P.1
MZ160456,P.1
MZ160463,P.1
MZ160476,P.1
MZ160479,P.1
MZ160483,P.1
MZ160491,P.1
MZ144312,P.1
MZ144321,P.1
MZ142705,P.1
MZ101504,P.1
MZ101505,P.1
MZ101527,P.1
MZ101529,P.1
MZ083991,P.1
MZ085499,P.1
MZ076046,P.1
MZ021806,P.1
MZ021851,P.1
MZ021854,P.1
MZ022506,P.1
MZ023377,P.1
MZ023528,P.1
MZ025773,P.1
MZ001545,P.1
MW966285,P.1
MW915330,P.1
MW892330,P.1
MW834807,P.1
MZ429165,P.1
MZ360034,P.1
MZ358780,P.1
MZ358781,P.1
MZ358782,P.1
MZ358783,P.1
MZ358789,P.1
MZ358796,P.1
MZ331233,P.1
MZ331236,P.1
MZ331242,P.1
MZ206197,P.1
MZ206213,P.1
MZ206217,P.1
MZ206228,P.1
MZ164759,P.1
MZ164771,P.1
MZ056124,P.1
MZ056138,P.1
MZ450593,P.1
MZ376171,P.1
MZ376173,P.1
MZ280301,P.1
MZ280302,P.1
MZ281324,P.1
MZ270763,P.1
MZ083934,P.1
MZ084147,P.1
MZ086660,P.1
MZ076799,P.1
MZ156698,P.1
MZ156706,P.1
MZ156718,P.1
MZ156735,P.1
MZ156745,P.1
MW935802,P.1
MZ414816,P.1
MZ415644,P.1
MZ415929,P.1
MZ415956,P.1
MZ416210,P.1
MZ412158,P.1
MZ412238,P.1
MZ412287,P.1
MZ376487,P.1
MZ368244,P.1
MZ356646,P.1
MZ356651,P.1
MZ356660,P.1
MZ356663,P.1
MZ356670,P.1
MZ356728,P.1
MZ356730,P.1
MZ356731,P.1
MZ354451,P.1
MZ354472,P.1
MZ354513,P.1
MZ354583,P.1
MZ341374,P.1
MZ341597,P.1
MZ333323,P.1
MZ337578,P.1
MZ315234,P.1
MZ316169,P.1
MZ316523,P.1
MZ305371,P.1
MZ307654,P.1
MZ298082,P.1
MZ277922,P.1
MZ277965,P.1
MZ277985,P.1
MZ278534,P.1
MZ278806,P.1
MZ278975,P.1
MZ279172,P.1
MZ279229,P.1
MZ279375,P.1
MZ281316,P.1
MZ281687,P.1
MZ282071,P.1
MZ282072,P.1
MZ290407,P.1
MZ291084,P.1
MZ291217,P.1
MZ291230,P.1
MZ255129,P.1
MZ237426,P.1
MZ237948,P.1
MZ239980,P.1
MZ241064,P.1
MZ241073,P.1
MZ241106,P.1
MZ244553,P.1
MZ253951,P.1
MZ228209,P.1
MZ228227,P.1
MZ228248,P.1
MZ228327,P.1
MZ228739,P.1
MZ228782,P.1
MZ195390,P.1
MZ195730,P.1
MZ201685,P.1
MZ201821,P.1
MZ201833,P.1
MZ201871,P.1
MZ201897,P.1
MZ201916,P.1
MZ201920,P.1
MZ202093,P.1
MZ188188,P.1
MZ163531,P.1
MZ163534,P.1
MZ163572,P.1
MZ164143,P.1
MZ164192,P.1
MZ164274,P.1
MZ164389,P.1
MZ154011,P.1
MZ154089,P.1
MZ154103,P.1
MZ154615,P.1
MZ144317,P.1
MZ132241,P.1
MZ132434,P.1
MZ132819,P.1
MZ132822,P.1
MZ132943,P.1
MZ133259,P.1
MZ142335,P.1
MZ100693,P.1
MZ083739,P.1
MZ085985,P.1
MZ071471,P.1
MZ075263,P.1
MZ076777,P.1
MZ076779,P.1
MZ058132,P.1
MZ058134,P.1
MZ058137,P.1
MZ059522,P.1
MZ060087,P.1
MZ060451,P.1
MZ060505,P.1
MZ060571,P.1
MZ060650,P.1
MZ061433,P.1
MZ033061,P.1
MZ033065,P.1
MZ035112,P.1
MZ035310,P.1
MZ035843,P.1
MZ038201,P.1
MZ022200,P.1
MZ025156,P.1
MZ008576,P.1
MZ009386,P.1
MZ009504,P.1
MZ009710,P.1
MZ010003,P.1
MZ010006,P.1
MW990280,P.1
MW990295,P.1
MW994698,P.1
MZ002523,P.1
MZ002566,P.1
MZ006365,P.1
MZ006978,P.1
MZ007026,P.1
MZ007066,P.1
MW965874,P.1
MW965878,P.1
MW963345,P.1
MW932503,P.1
MW931051,P.1
MW931067,P.1
MW931456,P.1
MZ028660,P.1
MZ429180,P.1
MZ358435,P.1
MZ056171,P.1
MZ450186,P.1
MZ411917,P.1
MZ411926,P.1
MZ384189,P.1
MZ384207,P.1
MZ386249,P.1
MZ386313,P.1
MZ386531,P.1
MZ386536,P.1
MZ386575,P.1
MZ376112,P.1
MZ376136,P.1
MZ376283,P.1
MZ376336,P.1
MZ372694,P.1
MZ372695,P.1
MZ372696,P.1
MZ372772,P.1
MZ372859,P.1
MZ372862,P.1
MZ372874,P.1
MZ372947,P.1
MZ372984,P.1
MZ372987,P.1
MZ319995,P.1
MZ320033,P.1
MZ320115,P.1
MZ306487,P.1
MZ306490,P.1
MZ294632,P.1
MZ294693,P.1
MZ280043,P.1
MZ280401,P.1
MZ281978,P.1
MZ282283,P.1
MZ282486,P.1
MZ282812,P.1
MZ282816,P.1
MZ283840,P.1
MZ284060,P.1
MZ284542,P.1
MZ284543,P.1
MZ290205,P.1
MZ290797,P.1
MZ271424,P.1
MZ271452,P.1
MZ271624,P.1
MZ272819,P.1
MZ237981,P.1
MZ238375,P.1
MZ238407,P.1
MZ244400,P.1
MZ244891,P.1
MZ245276,P.1
MZ254186,P.1
MZ228163,P.1
MZ210273,P.1
MZ210536,P.1
MZ215312,P.1
MZ192470,P.1
MZ195437,P.1
MZ195744,P.1
MZ184802,P.1
MZ185051,P.1
MZ185257,P.1
MZ185278,P.1
MZ185530,P.1
MZ185547,P.1
MZ185566,P.1
MZ185901,P.1
MZ186463,P.1
MZ187752,P.1
MZ181544,P.1
MZ158871,P.1
MZ085279,P.1
MZ074540,P.1
MZ076890,P.1
MZ386517,P.1
MZ372580,P.1
MZ272806,P.1
MZ414741,P.1
MZ414742,P.1
MZ414808,P.1
MZ411654,P.1
MZ411661,P.1
MZ411662,P.1
MZ411663,P.1
MZ411664,P.1
MZ411665,P.1
MZ385716,P.1
MZ375999,P.1
MZ376542,P.1
MZ361927,P.1
MZ361928,P.1
MZ361929,P.1
MZ361930,P.1
MZ361936,P.1
MZ361937,P.1
MZ361938,P.1
MZ361939,P.1
MZ361940,P.1
MZ361953,P.1
MZ361954,P.1
MZ361955,P.1
MZ361956,P.1
MZ361957,P.1
MZ361960,P.1
MZ361961,P.1
MZ361962,P.1
MZ356634,P.1
MZ356674,P.1
MZ356696,P.1
MZ356725,P.1
MZ356733,P.1
MZ349140,P.1
MZ320055,P.1
MZ320144,P.1
MZ322063,P.1
MZ322068,P.1
MZ312920,P.1
MZ305367,P.1
MZ296781,P.1
MZ296782,P.1
MZ296783,P.1
MZ296784,P.1
MZ296785,P.1
MZ296786,P.1
MZ296787,P.1
MZ296788,P.1
MZ296789,P.1
MZ296790,P.1
MZ296791,P.1
MZ296792,P.1
MZ296793,P.1
MZ296803,P.1
MZ296804,P.1
MZ296805,P.1
MZ296808,P.1
MZ296809,P.1
MZ296810,P.1
MZ296811,P.1
MZ296812,P.1
MZ277933,P.1
MZ278518,P.1
MZ280134,P.1
MZ280452,P.1
MZ280454,P.1
MZ280707,P.1
MZ281046,P.1
MZ281090,P.1
MZ281534,P.1
MZ283180,P.1
MZ283463,P.1
MZ283968,P.1
MZ290155,P.1
MZ290165,P.1
MZ290258,P.1
MZ270746,P.1
MZ255138,P.1
MZ238083,P.1
MZ238443,P.1
MZ238643,P.1
MZ244546,P.1
MZ254230,P.1
MZ233750,P.1
MZ233754,P.1
MZ233755,P.1
MZ233756,P.1
MZ233757,P.1
MZ233759,P.1
MZ233766,P.1
MZ233767,P.1
MZ233768,P.1
MZ233769,P.1
MZ233770,P.1
MZ233771,P.1
MZ233772,P.1
MZ233773,P.1
MZ233777,P.1
MZ233780,P.1
MZ233783,P.1
MZ233990,P.1
MZ233991,P.1
MZ233992,P.1
MZ233993,P.1
MZ233994,P.1
MZ233995,P.1
MZ215367,P.1
MZ194346,P.1
MZ196137,P.1
MZ186333,P.1
MZ186335,P.1
MZ188026,P.1
MZ166055,P.1
MZ169352,P.1
MZ169353,P.1
MZ169354,P.1
MZ169355,P.1
MZ169356,P.1
MZ169357,P.1
MZ169358,P.1
MZ169372,P.1
MZ169373,P.1
MZ169374,P.1
MZ169606,P.1
MZ169607,P.1
MZ169609,P.1
MZ169610,P.1
MZ169611,P.1
MZ169612,P.1
MZ179956,P.1
MZ142058,P.1
MZ097525,P.1
MZ097526,P.1
MZ097527,P.1
MZ126778,P.1
MZ126779,P.1
MZ126780,P.1
MZ126781,P.1
MZ126782,P.1
MZ126783,P.1
MZ126784,P.1
MZ126785,P.1
MZ126786,P.1
MZ126787,P.1
MZ126788,P.1
MZ126789,P.1
MZ126790,P.1
MZ070158,P.1
MZ075881,P.1
MZ058133,P.1
MZ046586,P.1
MZ048335,P.1
MZ048336,P.1
MZ048337,P.1
MZ048483,P.1
MZ048484,P.1
MZ048485,P.1
MZ048486,P.1
MZ048491,P.1
MZ048492,P.1
MZ048493,P.1
MZ048494,P.1
MZ048506,P.1
MZ033038,P.1
MZ033039,P.1
MZ037323,P.1
MZ038311,P.1
MZ044648,P.1
MZ009992,P.1
MZ013364,P.1
MZ015233,P.1
MZ015234,P.1
MZ015235,P.1
MZ015236,P.1
MZ015237,P.1
MZ015238,P.1
MZ015239,P.1
MZ015240,P.1
MZ015241,P.1
MZ015242,P.1
MZ019087,P.1
MW990255,P.1
MW963283,P.1
MW963322,P.1
MW963412,P.1
MW964075,P.1
MW937846,P.1
MW937853,P.1
MW930762,P.1
MW907089,P.1
MW907090,P.1
MW907100,P.1
MW907861,P.1
MW850614,P.1
MW850627,P.1
MZ451807,P.1
MZ451808,P.1
MZ451810,P.1
MZ451813,P.1
MZ451817,P.1
MZ358632,P.1
MZ358635,P.1
MZ334631,P.1
MZ331301,P.1
MZ331307,P.1
MZ028767,P.1
MZ008566,P.1
MZ004995,P.1
MZ331154,P.1
MZ358762,P.1
MZ206256,P.1
MZ316782,P.1
MZ415584,P.1
MZ416106,P.1
MZ419448,P.1
MZ412030,P.1
MZ412178,P.1
MZ412198,P.1
MZ412303,P.1
MZ376089,P.1
MZ376207,P.1
MZ371199,P.1
MZ371537,P.1
MZ371609,P.1
MZ371739,P.1
MZ371740,P.1
MZ371752,P.1
MZ371786,P.1
MZ371835,P.1
MZ372006,P.1
MZ372179,P.1
MZ372206,P.1
MZ354836,P.1
MZ349826,P.1
MZ341797,P.1
MZ341826,P.1
MZ341882,P.1
MZ341980,P.1
MZ342158,P.1
MZ320907,P.1
MZ316003,P.1
MZ316505,P.1
MZ307792,P.1
MZ308096,P.1
MZ308101,P.1
MZ279224,P.1
MZ280088,P.1
MZ281984,P.1
MZ282225,P.1
MZ282562,P.1
MZ282669,P.1
MZ283791,P.1
MZ255098,P.1
MZ252157,P.1
MZ252780,P.1
MZ253158,P.1
MZ253698,P.1
MZ228341,P.1
MZ213797,P.1
MZ184574,P.1
MZ185556,P.1
MZ188354,P.1
MZ179543,P.1
MZ180876,P.1
MZ161767,P.1
MZ161768,P.1
MZ161771,P.1
MZ144326,P.1
MZ061107,P.1
MZ009987,P.1
MZ002829,P.1
MW966283,P.1
MW969355,P.1
MZ401513,P.1
MZ401514,P.1
MZ401507,P.1
MZ401508,P.1
MZ401516,P.1
MZ401517,P.1
MZ448646,P.1
MZ449050,P.1
MZ450326,P.1
MZ451562,P.1
MZ414498,P.1
MZ411947,P.1
MZ412162,P.1
MZ412239,P.1
MZ371136,P.1
MZ371900,P.1
MZ371961,P.1
MZ372036,P.1
MZ356648,P.1
MZ356668,P.1
MZ356732,P.1
MZ341538,P.1
MZ341630,P.1
MZ337561,P.1
MZ319403,P.1
MZ320539,P.1
MZ322059,P.1
MZ305373,P.1
MZ305374,P.1
MZ308034,P.1
MZ308082,P.1
MZ294092,P.1
MZ294093,P.1
MZ294118,P.1
MZ294348,P.1
MZ294688,P.1
MZ296059,P.1
MZ278517,P.1
MZ281453,P.1
MZ281955,P.1
MZ282611,P.1
MZ282936,P.1
MZ282939,P.1
MZ256447,P.1
MZ241028,P.1
MZ252446,P.1
MZ252508,P.1
MZ252516,P.1
MZ252517,P.1
MZ252603,P.1
MZ222476,P.1
MZ210095,P.1
MZ210801,P.1
MZ213888,P.1
MZ206386,P.1
MZ184216,P.1
MZ184234,P.1
MZ184350,P.1
MZ184820,P.1
MZ185238,P.1
MZ185240,P.1
MZ186860,P.1
MZ179802,P.1
MZ180716,P.1
MZ163602,P.1
MZ131163,P.1
MZ132564,P.1
MZ132609,P.1
MZ101052,P.1
MZ083423,P.1
MZ083446,P.1
MZ054856,P.1
MZ033049,P.1
MZ033068,P.1
MZ038284,P.1
MZ038326,P.1
MZ021771,P.1
MZ021780,P.1
MZ025215,P.1
MZ025735,P.1
MW965976,P.1
MW964552,P.1
MW964568,P.1
MW932031,P.1
MZ450401,P.1
MZ436553,P.1
MZ372345,P.1
MZ372431,P.1
MZ372752,P.1
MZ344602,P.1
MZ344634,P.1
MZ329246,P.1
MZ329256,P.1
MZ329257,P.1
MZ329274,P.1
MZ305362,P.1
MZ290162,P.1
MZ190290,P.1
MZ181983,P.1
MZ089659,P.1
MZ089660,P.1
MZ022545,P.1
MZ450300,P.1
MZ450481,P.1
MZ450693,P.1
MZ450694,P.1
MZ412093,P.1
MZ412105,P.1
MZ412128,P.1
MZ412291,P.1
MZ412292,P.1
MZ401866,P.1
MZ371792,P.1
MZ371874,P.1
MZ371878,P.1
MZ371926,P.1
MZ371946,P.1
MZ372109,P.1
MZ349573,P.1
MZ341372,P.1
MZ341459,P.1
MZ341503,P.1
MZ341504,P.1
MZ341513,P.1
MZ341746,P.1
MZ342063,P.1
MZ342148,P.1
MZ333331,P.1
MZ319898,P.1
MZ320041,P.1
MZ320826,P.1
MZ316155,P.1
MZ317141,P.1
MZ317179,P.1
MZ307213,P.1
MZ307628,P.1
MZ307629,P.1
MZ307639,P.1
MZ307682,P.1
MZ307688,P.1
MZ307834,P.1
MZ307952,P.1
MZ294714,P.1
MZ296444,P.1
MZ296694,P.1
MZ280351,P.1
MZ280735,P.1
MZ281536,P.1
MZ282556,P.1
MZ282744,P.1
MZ282762,P.1
MZ284181,P.1
MZ290168,P.1
MZ270877,P.1
MZ271154,P.1
MZ255089,P.1
MZ255627,P.1
MZ240246,P.1
MZ210651,P.1
MZ210997,P.1
MZ211189,P.1
MZ212285,P.1
MZ212758,P.1
MZ213492,P.1
MZ213549,P.1
MZ213556,P.1
MZ213853,P.1
MZ214877,P.1
MZ215096,P.1
MZ215097,P.1
MZ206381,P.1
MZ206387,P.1
MZ195213,P.1
MZ195677,P.1
MZ184155,P.1
MZ184326,P.1
MZ166039,P.1
MZ166054,P.1
MZ166457,P.1
MZ167603,P.1
MZ168022,P.1
MZ170634,P.1
MZ140750,P.1
MZ099853,P.1
MZ099863,P.1
MZ099864,P.1
MZ083079,P.1
MZ083080,P.1
MZ083116,P.1
MZ083386,P.1
MZ083590,P.1
MZ083591,P.1
MZ083592,P.1
MZ083732,P.1
MZ084537,P.1
MZ084809,P.1
MZ085441,P.1
MZ085871,P.1
MZ086216,P.1
MZ075156,P.1
MZ075394,P.1
MZ075395,P.1
MZ075774,P.1
MZ076830,P.1
MZ054850,P.1
MZ036994,P.1
MZ037941,P.1
MZ038047,P.1
MZ038860,P.1
MZ022677,P.1
MZ022985,P.1
MZ010819,P.1
MZ010877,P.1
MW991033,P.1
MW992882,P.1
MW994023,P.1
MW967687,P.1
MW968944,P.1
MW968964,P.1
MW969415,P.1
MW906781,P.1
MZ433485,P.1
MZ411960,P.1
MZ385765,P.1
MZ385767,P.1
MZ368499,P.1
MZ356601,P.1
MZ342212,P.1
MZ342417,P.1
MZ342464,P.1
MZ337601,P.1
MZ319440,P.1
MZ322072,P.1
MZ316373,P.1
MZ308080,P.1
MZ308337,P.1
MZ280867,P.1
MZ281569,P.1
MZ290144,P.1
MZ290175,P.1
MZ290184,P.1
MZ290221,P.1
MZ241031,P.1
MZ241055,P.1
MZ241076,P.1
MZ241088,P.1
MZ241101,P.1
MZ252552,P.1
MZ252645,P.1
MZ222417,P.1
MZ222420,P.1
MZ222425,P.1
MZ222426,P.1
MZ222429,P.1
MZ222434,P.1
MZ213347,P.1
MZ186256,P.1
MZ164474,P.1
MZ099854,P.1
MZ099855,P.1
MZ084481,P.1
MZ076763,P.1
MZ047031,P.1
MZ036640,P.1
MW915283,P.1
MZ372590,P.1
MZ372893,P.1
MZ210195,P.1
MZ211976,P.1
MZ211978,P.1
MZ185093,P.1
MZ076770,P.1
MZ058131,P.1
MW963433,P.1
MZ376335,P.1
MZ319419,P.1
MZ085275,P.1
MZ058128,P.1
MZ164672,P.1
MZ358417,P.1
MZ358430,P.1
MZ028748,P.1
MZ451874,P.1
MZ451767,P.1
MZ358753,P.1
MZ358755,P.1
MZ331129,P.1
MZ331135,P.1
MZ082914,P.1
MZ004834,P.1
MZ451746,P.1
MZ451754,P.1
MZ451756,P.1
MZ451759,P.1
MZ056038,P.1
MZ206264,P.1
MZ386632,P.1
MZ453492,P.1
MZ386322,P.1
MZ319411,P.1
MZ319415,P.1
MZ320528,P.1
MZ277979,P.1
MZ278509,P.1
MZ282797,P.1
MZ282801,P.1
MZ290172,P.1
MZ290216,P.1
MZ290217,P.1
MZ290226,P.1
MZ290232,P.1
MZ241093,P.1
MZ241097,P.1
MZ222460,P.1
MZ211496,P.1
MZ211497,P.1
MZ212005,P.1
MZ185404,P.1
MZ186732,P.1
MZ188152,P.1
MZ084862,P.1
MZ076783,P.1
MZ058121,P.1
MZ038265,P.1
MZ453782,P.1
MZ454393,P.1
MZ454400,P.1
MZ454409,P.1
MZ454414,P.1
MZ454422,P.1
MZ454427,P.1
MZ454429,P.1
MZ454436,P.1
MZ454451,P.1
MZ454509,P.1
MZ454575,P.1
MZ454592,P.1
MZ454605,P.1
MZ454675,P.1
MZ454702,P.1
MZ454762,P.1
MZ454782,P.1
MZ454836,P.1
MZ454844,P.1
MZ454903,P.1
MZ454936,P.1
MZ454942,P.1
MZ454950,P.1
MZ454968,P.1
MZ454980,P.1
MZ454996,P.1
MZ454999,P.1
MZ455002,P.1
MZ455045,P.1
MZ455068,P.1
MZ455072,P.1
MZ455082,P.1
MZ455098,P.1
MZ455140,P.1
MZ455147,P.1
MZ455158,P.1
MZ455171,P.1
MZ455174,P.1
MZ455177,P.1
MZ455191,P.1
MZ455195,P.1
MZ455197,P.1
MZ455293,P.1
MZ455317,P.1
MZ455324,P.1
MZ455352,P.1
MZ455356,P.1
MZ455429,P.1
MZ455442,P.1
MZ455556,P.1
MZ455971,P.1
MZ450054,P.1
MZ450410,P.1
MZ434892,P.1
MZ434910,P.1
MZ436835,P.1
MZ436865,P.1
MZ436870,P.1
MZ436872,P.1
MZ436878,P.1
MZ415414,P.1
MZ401885,P.1
MZ401906,P.1
MZ402078,P.1
MZ402207,P.1
MZ402236,P.1
MZ402403,P.1
MZ402416,P.1
MZ402494,P.1
MZ400649,P.1
MZ400666,P.1
MZ391166,P.1
MZ379540,P.1
MZ379542,P.1
MZ379549,P.1
MZ386464,P.1
MZ362462,P.1
MZ342704,P.1
MZ342853,P.1
MZ342885,P.1
MZ345097,P.1
MZ324954,P.1
MZ325083,P.1
MZ325112,P.1
MZ322441,P.1
MZ322448,P.1
MZ322449,P.1
MZ322450,P.1
MZ322464,P.1
MZ316592,P.1
MZ316753,P.1
MZ316783,P.1
MZ316805,P.1
MZ317062,P.1
MZ317143,P.1
MZ294667,P.1
MZ295327,P.1
MZ295328,P.1
MZ295358,P.1
MZ295690,P.1
MZ295728,P.1
MZ295836,P.1
MZ281932,P.1
MZ282182,P.1
MZ282973,P.1
MZ283209,P.1
MZ283368,P.1
MZ284866,P.1
MZ284884,P.1
MZ284892,P.1
MZ284894,P.1
MZ284895,P.1
MZ284923,P.1
MZ291072,P.1
MZ271380,P.1
MZ271867,P.1
MZ255538,P.1
MZ260753,P.1
MZ261139,P.1
MZ261311,P.1
MZ237758,P.1
MZ239983,P.1
MZ242587,P.1
MZ242596,P.1
MZ242603,P.1
MZ227893,P.1
MZ228817,P.1
MZ229380,P.1
MZ229410,P.1
MZ213673,P.1
MZ214133,P.1
MZ214725,P.1
MZ192791,P.1
MZ192864,P.1
MZ193421,P.1
MZ193432,P.1
MZ193456,P.1
MZ193491,P.1
MZ193497,P.1
MZ193536,P.1
MZ193603,P.1
MZ193626,P.1
MZ193715,P.1
MZ193728,P.1
MZ193874,P.1
MZ193959,P.1
MZ194055,P.1
MZ194079,P.1
MZ194152,P.1
MZ194187,P.1
MZ194291,P.1
MZ194298,P.1
MZ194426,P.1
MZ194484,P.1
MZ194534,P.1
MZ195473,P.1
MZ195591,P.1
MZ196347,P.1
MZ186201,P.1
MZ187749,P.1
MZ187750,P.1
MZ187801,P.1
MZ166659,P.1
MZ166678,P.1
MZ166771,P.1
MZ167079,P.1
MZ167313,P.1
MZ167440,P.1
MZ167451,P.1
MZ167577,P.1
MZ167684,P.1
MZ167966,P.1
MZ168170,P.1
MZ170385,P.1
MZ171315,P.1
MZ171516,P.1
MZ171518,P.1
MZ159185,P.1
MZ153758,P.1
MZ082233,P.1
MZ082259,P.1
MZ075023,P.1
MZ076231,P.1
MZ058248,P.1
MZ058266,P.1
MZ058311,P.1
MZ058438,P.1
MZ058565,P.1
MZ058625,P.1
MZ058797,P.1
MZ049722,P.1
MZ049937,P.1
MZ046545,P.1
MZ034171,P.1
MZ028563,P.1
MZ028574,P.1
MZ029229,P.1
MZ029252,P.1
MZ029298,P.1
MZ029312,P.1
MZ009645,P.1
MZ010404,P.1
MZ013316,P.1
MZ013603,P.1
MZ013634,P.1
MZ013646,P.1
MZ013733,P.1
MZ013760,P.1
MZ013830,P.1
MZ018186,P.1
MZ018832,P.1
MZ007205,P.1
MW964567,P.1
MW932249,P.1
MW892702,P.1
MW558281,P.1
MW520923,P.1
MZ433503,P.1
MZ415445,P.1
MZ415876,P.1
MZ415885,P.1
MZ415988,P.1
MZ416136,P.1
MZ386538,P.1
MZ376374,P.1
MZ376597,P.1
MZ354365,P.1
MZ354444,P.1
MZ354537,P.1
MZ354561,P.1
MZ349089,P.1
MZ349172,P.1
MZ349326,P.1
MZ349352,P.1
MZ337600,P.1
MZ320577,P.1
MZ320585,P.1
MZ320943,P.1
MZ315212,P.1
MZ315227,P.1
MZ315366,P.1
MZ316067,P.1
MZ316148,P.1
MZ316172,P.1
MZ316300,P.1
MZ316304,P.1
MZ294154,P.1
MZ294435,P.1
MZ296088,P.1
MZ277980,P.1
MZ277996,P.1
MZ278998,P.1
MZ279090,P.1
MZ279133,P.1
MZ279310,P.1
MZ279409,P.1
MZ279546,P.1
MZ280059,P.1
MZ280232,P.1
MZ280537,P.1
MZ281322,P.1
MZ281576,P.1
MZ281888,P.1
MZ283861,P.1
MZ284578,P.1
MZ290174,P.1
MZ236986,P.1
MZ241038,P.1
MZ244402,P.1
MZ244584,P.1
MZ244633,P.1
MZ244942,P.1
MZ227874,P.1
MZ228168,P.1
MZ210956,P.1
MZ211154,P.1
MZ211287,P.1
MZ211671,P.1
MZ211891,P.1
MZ211903,P.1
MZ212323,P.1
MZ212325,P.1
MZ212720,P.1
MZ212956,P.1
MZ213297,P.1
MZ213306,P.1
MZ213513,P.1
MZ214335,P.1
MZ214357,P.1
MZ214777,P.1
MZ214863,P.1
MZ214893,P.1
MZ215467,P.1
MZ195339,P.1
MZ195360,P.1
MZ201414,P.1
MZ201858,P.1
MZ184000,P.1
MZ184071,P.1
MZ185109,P.1
MZ185695,P.1
MZ186209,P.1
MZ186695,P.1
MZ187588,P.1
MZ188281,P.1
MZ188474,P.1
MZ166048,P.1
MZ166546,P.1
MZ163450,P.1
MZ163643,P.1
MZ153487,P.1
MZ154087,P.1
MZ154533,P.1
MZ132267,P.1
MZ132312,P.1
MZ132538,P.1
MZ132762,P.1
MZ132848,P.1
MZ133007,P.1
MZ099836,P.1
MZ100278,P.1
MZ100764,P.1
MZ100890,P.1
MZ101169,P.1
MZ101201,P.1
MZ101260,P.1
MZ083369,P.1
MZ083639,P.1
MZ083700,P.1
MZ083813,P.1
MZ083941,P.1
MZ083942,P.1
MZ084879,P.1
MZ086633,P.1
MZ086635,P.1
MZ074630,P.1
MZ074638,P.1
MZ075097,P.1
MZ076163,P.1
MZ076944,P.1
MZ059230,P.1
MZ059613,P.1
MZ060236,P.1
MZ060397,P.1
MZ060768,P.1
MZ033128,P.1
MZ035172,P.1
MZ035676,P.1
MZ022345,P.1
MZ022793,P.1
MZ022822,P.1
MZ023036,P.1
MZ023266,P.1
MZ023676,P.1
MZ023972,P.1
MZ008574,P.1
MZ009957,P.1
MZ009997,P.1
MZ010007,P.1
MZ010167,P.1
MZ015411,P.1
MZ015482,P.1
MW990281,P.1
MW990296,P.1
MW990878,P.1
MW990931,P.1
MW990938,P.1
MZ006671,P.1
MZ007033,P.1
MZ007075,P.1
MW966257,P.1
MW966468,P.1
MW967288,P.1
MW967291,P.1
MW968709,P.1
MW968988,P.1
MW969070,P.1
MW963266,P.1
MW963351,P.1
MW964563,P.1
MW932574,P.1
MW931216,P.1
MW931463,P.1
MW906813,P.1
MZ433487,P.1
MZ414824,P.1
MZ414831,P.1
MZ415447,P.1
MZ415473,P.1
MZ415499,P.1
MZ415542,P.1
MZ415575,P.1
MZ416072,P.1
MZ416083,P.1
MZ416125,P.1
MZ416147,P.1
MZ416150,P.1
MZ385705,P.1
MZ385763,P.1
MZ386640,P.1
MZ376017,P.1
MZ376372,P.1
MZ376606,P.1
MZ376644,P.1
MZ368495,P.1
MZ368496,P.1
MZ368501,P.1
MZ368504,P.1
MZ368508,P.1
MZ368511,P.1
MZ368512,P.1
MZ368516,P.1
MZ368522,P.1
MZ360019,P.1
MZ360026,P.1
MZ356586,P.1
MZ356590,P.1
MZ356599,P.1
MZ356636,P.1
MZ356640,P.1
MZ356684,P.1
MZ356686,P.1
MZ356687,P.1
MZ356689,P.1
MZ356691,P.1
MZ356695,P.1
MZ356698,P.1
MZ356700,P.1
MZ356701,P.1
MZ356726,P.1
MZ356734,P.1
MZ356739,P.1
MZ354244,P.1
MZ354267,P.1
MZ354298,P.1
MZ354566,P.1
MZ354619,P.1
MZ342434,P.1
MZ342529,P.1
MZ337550,P.1
MZ337559,P.1
MZ337575,P.1
MZ337576,P.1
MZ337577,P.1
MZ337579,P.1
MZ337582,P.1
MZ337583,P.1
MZ337584,P.1
MZ337585,P.1
MZ337586,P.1
MZ337588,P.1
MZ337589,P.1
MZ337595,P.1
MZ337598,P.1
MZ317774,P.1
MZ319428,P.1
MZ319439,P.1
MZ319854,P.1
MZ320527,P.1
MZ320540,P.1
MZ320825,P.1
MZ322030,P.1
MZ322032,P.1
MZ322033,P.1
MZ322036,P.1
MZ322044,P.1
MZ322047,P.1
MZ322051,P.1
MZ322054,P.1
MZ322060,P.1
MZ322061,P.1
MZ322073,P.1
MZ322075,P.1
MZ322080,P.1
MZ315580,P.1
MZ315618,P.1
MZ316088,P.1
MZ316303,P.1
MZ305372,P.1
MZ308024,P.1
MZ308272,P.1
MZ308329,P.1
MZ308332,P.1
MZ293992,P.1
MZ294141,P.1
MZ294322,P.1
MZ278649,P.1
MZ278871,P.1
MZ278895,P.1
MZ278913,P.1
MZ278997,P.1
MZ279103,P.1
MZ279105,P.1
MZ279147,P.1
MZ279157,P.1
MZ279387,P.1
MZ280858,P.1
MZ280898,P.1
MZ280923,P.1
MZ280998,P.1
MZ281782,P.1
MZ281793,P.1
MZ282103,P.1
MZ282109,P.1
MZ282160,P.1
MZ282280,P.1
MZ282408,P.1
MZ283458,P.1
MZ283686,P.1
MZ284028,P.1
MZ284339,P.1
MZ284370,P.1
MZ284755,P.1
MZ284759,P.1
MZ290139,P.1
MZ290151,P.1
MZ290161,P.1
MZ290180,P.1
MZ290186,P.1
MZ290188,P.1
MZ290193,P.1
MZ290223,P.1
MZ290225,P.1
MZ290227,P.1
MZ290228,P.1
MZ290234,P.1
MZ290278,P.1
MZ290301,P.1
MZ290619,P.1
MZ290650,P.1
MZ290660,P.1
MZ290742,P.1
MZ290793,P.1
MZ290825,P.1
MZ291049,P.1
MZ291101,P.1
MZ291112,P.1
MZ291122,P.1
MZ291152,P.1
MZ291177,P.1
MZ291307,P.1
MZ271219,P.1
MZ255132,P.1
MZ255133,P.1
MZ255137,P.1
MZ255141,P.1
MZ255143,P.1
MZ256427,P.1
MZ259506,P.1
MZ259594,P.1
MZ236871,P.1
MZ236883,P.1
MZ236894,P.1
MZ236915,P.1
MZ236924,P.1
MZ236943,P.1
MZ237060,P.1
MZ237102,P.1
MZ237108,P.1
MZ237110,P.1
MZ237148,P.1
MZ237213,P.1
MZ237530,P.1
MZ237545,P.1
MZ237547,P.1
MZ237579,P.1
MZ237636,P.1
MZ238569,P.1
MZ240191,P.1
MZ240286,P.1
MZ241044,P.1
MZ241061,P.1
MZ241075,P.1
MZ241077,P.1
MZ241082,P.1
MZ241099,P.1
MZ241100,P.1
MZ241102,P.1
MZ241103,P.1
MZ241107,P.1
MZ245150,P.1
MZ245162,P.1
MZ252343,P.1
MZ252563,P.1
MZ227898,P.1
MZ228172,P.1
MZ228312,P.1
MZ228656,P.1
MZ228659,P.1
MZ228682,P.1
MZ228754,P.1
MZ228761,P.1
MZ228829,P.1
MZ228952,P.1
MZ229010,P.1
MZ210394,P.1
MZ210411,P.1
MZ210413,P.1
MZ210480,P.1
MZ210883,P.1
MZ211239,P.1
MZ211387,P.1
MZ212169,P.1
MZ212462,P.1
MZ212463,P.1
MZ212469,P.1
MZ212725,P.1
MZ213359,P.1
MZ213464,P.1
MZ213831,P.1
MZ213872,P.1
MZ215013,P.1
MZ215049,P.1
MZ215278,P.1
MZ215315,P.1
MZ215369,P.1
MZ206389,P.1
MZ192441,P.1
MZ192446,P.1
MZ195240,P.1
MZ195516,P.1
MZ195520,P.1
MZ196191,P.1
MZ201582,P.1
MZ201601,P.1
MZ201804,P.1
MZ202088,P.1
MZ184006,P.1
MZ184316,P.1
MZ184783,P.1
MZ185259,P.1
MZ185399,P.1
MZ185977,P.1
MZ186202,P.1
MZ186649,P.1
MZ187509,P.1
MZ187510,P.1
MZ187557,P.1
MZ187648,P.1
MZ188237,P.1
MZ188238,P.1
MZ188515,P.1
MZ188516,P.1
MZ166065,P.1
MZ166066,P.1
MZ166068,P.1
MZ166069,P.1
MZ166070,P.1
MZ166071,P.1
MZ166073,P.1
MZ166074,P.1
MZ166075,P.1
MZ166077,P.1
MZ166078,P.1
MZ166079,P.1
MZ166080,P.1
MZ181016,P.1
MZ181029,P.1
MZ158943,P.1
MZ160293,P.1
MZ160295,P.1
MZ160354,P.1
MZ160362,P.1
MZ163396,P.1
MZ163522,P.1
MZ163872,P.1
MZ163949,P.1
MZ164101,P.1
MZ164105,P.1
MZ164476,P.1
MZ164480,P.1
MZ153882,P.1
MZ154489,P.1
MZ154517,P.1
MZ145455,P.1
MZ131191,P.1
MZ132598,P.1
MZ132652,P.1
MZ133149,P.1
MZ133171,P.1
MZ099857,P.1
MZ100190,P.1
MZ100561,P.1
MZ101376,P.1
MZ082999,P.1
MZ083336,P.1
MZ083912,P.1
MZ083959,P.1
MZ083970,P.1
MZ083973,P.1
MZ085214,P.1
MZ085613,P.1
MZ086623,P.1
MZ073595,P.1
MZ074604,P.1
MZ074822,P.1
MZ074848,P.1
MZ074858,P.1
MZ074881,P.1
MZ075345,P.1
MZ075434,P.1
MZ075990,P.1
MZ076696,P.1
MZ076697,P.1
MZ076758,P.1
MZ076760,P.1
MZ076762,P.1
MZ076764,P.1
MZ076863,P.1
MZ076971,P.1
MZ076979,P.1
MZ076983,P.1
MZ057993,P.1
MZ058010,P.1
MZ058126,P.1
MZ058127,P.1
MZ058986,P.1
MZ059391,P.1
MZ059568,P.1
MZ059815,P.1
MZ060247,P.1
MZ060309,P.1
MZ060375,P.1
MZ060396,P.1
MZ060492,P.1
MZ060549,P.1
MZ061374,P.1
MZ061381,P.1
MZ054918,P.1
MZ046898,P.1
MZ046950,P.1
MZ046959,P.1
MZ033115,P.1
MZ033212,P.1
MZ034922,P.1
MZ034943,P.1
MZ035189,P.1
MZ035415,P.1
MZ035688,P.1
MZ035872,P.1
MZ023856,P.1
MZ025472,P.1
MZ009460,P.1
MZ009752,P.1
MZ009893,P.1
MZ019086,P.1
MW990604,P.1
MW990696,P.1
MZ006701,P.1
MZ006768,P.1
MZ007304,P.1
MW968092,P.1
MW968582,P.1
MW968668,P.1
MW968718,P.1
MW968719,P.1
MW968809,P.1
MW968972,P.1
MW963218,P.1
MW963219,P.1
MW963220,P.1
MW963221,P.1
MW963222,P.1
MW963234,P.1
MW963241,P.1
MW963257,P.1
MW963261,P.1
MW963268,P.1
MW963274,P.1
MW963288,P.1
MW963304,P.1
MW963305,P.1
MW963306,P.1
MW963308,P.1
MW963359,P.1
MW964011,P.1
MW964074,P.1
MW932083,P.1
MW932133,P.1
MW932371,P.1
MW932460,P.1
MW932652,P.1
MW931285,P.1
MW931288,P.1
MW931299,P.1
MW931311,P.1
MW931332,P.1
MW931485,P.1
MW911880,P.1
MW911972,P.1
MW911990,P.1
MW912245,P.1
MW912400,P.1
MW912407,P.1
MW912428,P.1
MW915133,P.1
MW915187,P.1
MW915209,P.1
MW915212,P.1
MW915252,P.1
MW904976,P.1
MW907170,P.1
MW907250,P.1
MW907917,P.1
MW907928,P.1
MW908360,P.1
MW892119,P.1
MW892120,P.1
MW892126,P.1
MW892185,P.1
MW892205,P.1
MW868974,P.1
MW869183,P.1
MW864680,P.1
MW864853,P.1
MW834960,P.1
MW834961,P.1
MW834962,P.1
MW834965,P.1
MW834974,P.1
MW834975,P.1
MW834977,P.1
MW834982,P.1
MW808135,P.1
MZ412404,P.1
MZ372040,P.1
MZ372219,P.1
MZ341534,P.1
MZ306047,P.1
MZ306069,P.1
MZ306154,P.1
MZ294060,P.1
MZ284709,P.1
MZ284711,P.1
MZ188565,P.1
MZ083127,P.1
MZ086605,P.1
MZ024473,P.1
MW995069,P.1
MZ002228,P.1
MZ368514,P.1
MZ356602,P.1
MZ322077,P.1
MZ294521,P.1
MZ290149,P.1
MZ290194,P.1
MZ271307,P.1
MZ241017,P.1
MZ241019,P.1
MZ244396,P.1
MZ060356,P.1
MZ035419,P.1
MZ025163,P.1
MZ010323,P.1
MW963312,P.1
MW963434,P.1
MZ451956,P.1
MZ360030,P.1
MZ206238,P.1
MZ164790,P.1
MZ143728,P.1
MZ451714,P.1
MZ278443,P.1
MZ028808,P.1
MZ331058,P.1
MZ456544,P.1
MZ405198,P.1
MZ393520,P.1
MZ393521,P.1
MZ393531,P.1
MZ393543,P.1
MZ267336,P.1
MZ062201,P.1
MW988288,P.1
MW621433,P.1
MZ358528,P.1
MZ358533,P.1
MZ433497,P.1
MZ433504,P.1
MZ386208,P.1
MZ386209,P.1
MZ386446,P.1
MZ386516,P.1
MZ255131,P.1
MZ237542,P.1
MZ237603,P.1
MZ252758,P.1
MZ184857,P.1
MZ083965,P.1
MZ083966,P.1
MZ082720,P.1
MZ082724,P.1
MZ372313,P.1
MZ372625,P.1
MZ372917,P.1
MZ341088,P.1
MZ341343,P.1
MZ341681,P.1
MZ341682,P.1
MZ341687,P.1
MZ342096,P.1
MZ333376,P.1
MZ281107,P.1
MZ283986,P.1
MZ271605,P.1
MZ253791,P.1
MZ186076,P.1
MZ179967,P.1
MZ159105,P.1
MZ002371,P.1
MZ433492,P.1
MZ368530,P.1
MZ372913,P.1
MZ356671,P.1
MZ319412,P.1
MZ319417,P.1
MZ320892,P.1
MZ278524,P.1
MZ281170,P.1
MZ255134,P.1
MZ241096,P.1
MZ244485,P.1
MZ245360,P.1
MZ254603,P.1
MZ222463,P.1
MZ213662,P.1
MZ184017,P.1
MZ184210,P.1
MZ181860,P.1
MZ164469,P.1
MZ099852,P.1
MZ083540,P.1
MZ085385,P.1
MZ085716,P.1
MZ086290,P.1
MZ075390,P.1
MZ076778,P.1
MZ331106,P.1
MZ451882,P.1
MZ451883,P.1
MZ429100,P.1
MZ331291,P.1
MZ331299,P.1
MZ277914,P.1
MZ281071,P.1
MZ213681,P.1
MZ213682,P.1
MZ215109,P.1
MZ186142,P.1
MZ186439,P.1
MZ187357,P.1
MZ187722,P.1
MZ188448,P.1
MW991159,P.1
MW968377,P.1
MZ450764,P.1
MZ415687,P.1
MZ415707,P.1
MZ415932,P.1
MZ415989,P.1
MZ412201,P.1
MZ386286,P.1
MZ372248,P.1
MZ372810,P.1
MZ356744,P.1
MZ354409,P.1
MZ354452,P.1
MZ354467,P.1
MZ354482,P.1
MZ349682,P.1
MZ341393,P.1
MZ333325,P.1
MZ333382,P.1
MZ337552,P.1
MZ320027,P.1
MZ320134,P.1
MZ315190,P.1
MZ315240,P.1
MZ315391,P.1
MZ315410,P.1
MZ315466,P.1
MZ315645,P.1
MZ315739,P.1
MZ315899,P.1
MZ307110,P.1
MZ307134,P.1
MZ307257,P.1
MZ307770,P.1
MZ307795,P.1
MZ307821,P.1
MZ307917,P.1
MZ294562,P.1
MZ296068,P.1
MZ277926,P.1
MZ277929,P.1
MZ278795,P.1
MZ278844,P.1
MZ279077,P.1
MZ279160,P.1
MZ279485,P.1
MZ279505,P.1
MZ280091,P.1
MZ280092,P.1
MZ280662,P.1
MZ280742,P.1
MZ280743,P.1
MZ281635,P.1
MZ282357,P.1
MZ282494,P.1
MZ282935,P.1
MZ283187,P.1
MZ283664,P.1
MZ284194,P.1
MZ284408,P.1
MZ290487,P.1
MZ290518,P.1
MZ290766,P.1
MZ291067,P.1
MZ291354,P.1
MZ291375,P.1
MZ291422,P.1
MZ271078,P.1
MZ236957,P.1
MZ236967,P.1
MZ237105,P.1
MZ237267,P.1
MZ237301,P.1
MZ237691,P.1
MZ237712,P.1
MZ238092,P.1
MZ238497,P.1
MZ238697,P.1
MZ238741,P.1
MZ245092,P.1
MZ245093,P.1
MZ253276,P.1
MZ253814,P.1
MZ227866,P.1
MZ227922,P.1
MZ228176,P.1
MZ228340,P.1
MZ228370,P.1
MZ228894,P.1
MZ229050,P.1
MZ210552,P.1
MZ210706,P.1
MZ214452,P.1
MZ201410,P.1
MZ202033,P.1
MZ184501,P.1
MZ184646,P.1
MZ185070,P.1
MZ185527,P.1
MZ185577,P.1
MZ186467,P.1
MZ187230,P.1
MZ166415,P.1
MZ163943,P.1
MZ163983,P.1
MZ164006,P.1
MZ153475,P.1
MZ153542,P.1
MZ153788,P.1
MZ153828,P.1
MZ132525,P.1
MZ132775,P.1
MZ133046,P.1
MZ133083,P.1
MZ133152,P.1
MZ140784,P.1
MZ141159,P.1
MZ141396,P.1
MZ141475,P.1
MZ100600,P.1
MZ101300,P.1
MZ072819,P.1
MZ072821,P.1
MZ074430,P.1
MZ075676,P.1
MZ076272,P.1
MZ059282,P.1
MZ059332,P.1
MZ059342,P.1
MZ059683,P.1
MZ059982,P.1
MZ060668,P.1
MZ060889,P.1
MZ061351,P.1
MZ034819,P.1
MZ035627,P.1
MZ037409,P.1
MZ025334,P.1
MZ008791,P.1
MW990671,P.1
MZ006400,P.1
MZ006886,P.1
MW963285,P.1
MW908391,P.1
MZ453456,P.1
MZ450202,P.1
MZ450447,P.1
MZ450543,P.1
MZ414248,P.1
MZ414259,P.1
MZ414684,P.1
MZ414767,P.1
MZ414839,P.1
MZ415685,P.1
MZ415867,P.1
MZ415907,P.1
MZ412204,P.1
MZ412207,P.1
MZ412253,P.1
MZ412272,P.1
MZ385707,P.1
MZ385759,P.1
MZ386363,P.1
MZ375993,P.1
MZ376110,P.1
MZ376146,P.1
MZ376149,P.1
MZ376333,P.1
MZ376513,P.1
MZ376546,P.1
MZ376589,P.1
MZ376635,P.1
MZ376647,P.1
MZ368224,P.1
MZ368518,P.1
MZ360024,P.1
MZ356607,P.1
MZ356626,P.1
MZ356654,P.1
MZ356655,P.1
MZ356679,P.1
MZ356681,P.1
MZ356697,P.1
MZ354232,P.1
MZ349102,P.1
MZ349105,P.1
MZ349110,P.1
MZ349201,P.1
MZ349387,P.1
MZ349392,P.1
MZ349450,P.1
MZ349477,P.1
MZ349539,P.1
MZ349640,P.1
MZ349675,P.1
MZ349714,P.1
MZ349752,P.1
MZ349855,P.1
MZ341261,P.1
MZ341268,P.1
MZ341351,P.1
MZ341407,P.1
MZ341441,P.1
MZ341552,P.1
MZ341560,P.1
MZ341660,P.1
MZ341699,P.1
MZ341705,P.1
MZ341709,P.1
MZ341948,P.1
MZ342020,P.1
MZ342021,P.1
MZ342024,P.1
MZ342038,P.1
MZ342114,P.1
MZ342115,P.1
MZ333306,P.1
MZ333319,P.1
MZ333357,P.1
MZ333368,P.1
MZ333374,P.1
MZ333408,P.1
MZ333415,P.1
MZ337553,P.1
MZ337555,P.1
MZ337573,P.1
MZ337597,P.1
MZ319416,P.1
MZ319422,P.1
MZ319424,P.1
MZ319427,P.1
MZ319429,P.1
MZ319437,P.1
MZ319727,P.1
MZ319853,P.1
MZ319857,P.1
MZ319903,P.1
MZ319988,P.1
MZ320068,P.1
MZ320082,P.1
MZ320181,P.1
MZ320532,P.1
MZ320533,P.1
MZ320535,P.1
MZ320536,P.1
MZ320549,P.1
MZ320905,P.1
MZ320906,P.1
MZ320977,P.1
MZ322069,P.1
MZ316366,P.1
MZ316415,P.1
MZ316549,P.1
MZ316802,P.1
MZ316809,P.1
MZ317262,P.1
MZ307102,P.1
MZ307105,P.1
MZ307107,P.1
MZ307112,P.1
MZ307167,P.1
MZ307171,P.1
MZ307327,P.1
MZ307381,P.1
MZ307407,P.1
MZ307424,P.1
MZ307484,P.1
MZ307775,P.1
MZ307782,P.1
MZ307785,P.1
MZ307786,P.1
MZ307814,P.1
MZ307824,P.1
MZ307831,P.1
MZ307903,P.1
MZ307905,P.1
MZ307974,P.1
MZ293917,P.1
MZ293939,P.1
MZ293942,P.1
MZ293944,P.1
MZ293945,P.1
MZ294109,P.1
MZ294142,P.1
MZ294152,P.1
MZ294192,P.1
MZ294240,P.1
MZ294241,P.1
MZ294242,P.1
MZ294243,P.1
MZ294324,P.1
MZ294736,P.1
MZ294796,P.1
MZ296094,P.1
MZ296096,P.1
MZ277930,P.1
MZ277931,P.1
MZ277934,P.1
MZ277937,P.1
MZ277982,P.1
MZ278000,P.1
MZ278512,P.1
MZ278527,P.1
MZ278528,P.1
MZ278815,P.1
MZ279155,P.1
MZ280073,P.1
MZ280121,P.1
MZ280125,P.1
MZ280133,P.1
MZ280147,P.1
MZ280194,P.1
MZ280326,P.1
MZ280534,P.1
MZ280613,P.1
MZ280615,P.1
MZ280680,P.1
MZ280681,P.1
MZ280682,P.1
MZ280755,P.1
MZ280765,P.1
MZ280825,P.1
MZ280871,P.1
MZ280933,P.1
MZ280936,P.1
MZ280989,P.1
MZ280994,P.1
MZ281122,P.1
MZ281172,P.1
MZ281340,P.1
MZ281354,P.1
MZ281522,P.1
MZ281593,P.1
MZ281599,P.1
MZ281618,P.1
MZ281662,P.1
MZ281663,P.1
MZ281784,P.1
MZ281786,P.1
MZ281922,P.1
MZ282002,P.1
MZ282003,P.1
MZ282041,P.1
MZ282124,P.1
MZ282141,P.1
MZ282292,P.1
MZ282293,P.1
MZ282302,P.1
MZ282347,P.1
MZ282413,P.1
MZ282540,P.1
MZ282666,P.1
MZ282802,P.1
MZ282832,P.1
MZ282847,P.1
MZ282848,P.1
MZ282851,P.1
MZ282887,P.1
MZ282947,P.1
MZ283202,P.1
MZ283287,P.1
MZ283412,P.1
MZ283501,P.1
MZ283524,P.1
MZ283525,P.1
MZ283622,P.1
MZ283644,P.1
MZ283788,P.1
MZ284061,P.1
MZ284184,P.1
MZ284199,P.1
MZ284230,P.1
MZ284302,P.1
MZ284334,P.1
MZ284335,P.1
MZ284404,P.1
MZ284411,P.1
MZ284423,P.1
MZ284436,P.1
MZ284662,P.1
MZ284763,P.1
MZ284764,P.1
MZ290141,P.1
MZ290143,P.1
MZ290147,P.1
MZ290163,P.1
MZ290189,P.1
MZ290190,P.1
MZ290191,P.1
MZ290218,P.1
MZ290219,P.1
MZ290220,P.1
MZ290230,P.1
MZ290562,P.1
MZ290835,P.1
MZ290927,P.1
MZ291054,P.1
MZ291127,P.1
MZ291129,P.1
MZ270731,P.1
MZ270844,P.1
MZ270889,P.1
MZ270943,P.1
MZ271028,P.1
MZ271109,P.1
MZ271112,P.1
MZ271155,P.1
MZ271216,P.1
MZ271447,P.1
MZ271542,P.1
MZ271736,P.1
MZ271737,P.1
MZ255128,P.1
MZ255130,P.1
MZ255136,P.1
MZ255139,P.1
MZ255181,P.1
MZ255620,P.1
MZ255699,P.1
MZ255717,P.1
MZ255846,P.1
MZ255902,P.1
MZ255906,P.1
MZ255928,P.1
MZ256496,P.1
MZ259577,P.1
MZ259666,P.1
MZ259681,P.1
MZ259799,P.1
MZ237376,P.1
MZ237675,P.1
MZ237850,P.1
MZ238398,P.1
MZ238435,P.1
MZ238460,P.1
MZ238501,P.1
MZ238562,P.1
MZ238592,P.1
MZ238654,P.1
MZ238785,P.1
MZ238897,P.1
MZ239969,P.1
MZ240177,P.1
MZ240256,P.1
MZ241027,P.1
MZ241041,P.1
MZ244407,P.1
MZ244470,P.1
MZ244480,P.1
MZ244537,P.1
MZ244560,P.1
MZ244563,P.1
MZ244565,P.1
MZ244591,P.1
MZ244678,P.1
MZ244892,P.1
MZ245089,P.1
MZ245105,P.1
MZ245326,P.1
MZ245353,P.1
MZ252327,P.1
MZ252337,P.1
MZ252366,P.1
MZ252377,P.1
MZ252607,P.1
MZ252612,P.1
MZ252804,P.1
MZ252826,P.1
MZ252827,P.1
MZ252857,P.1
MZ252940,P.1
MZ252985,P.1
MZ253000,P.1
MZ253297,P.1
MZ253652,P.1
MZ253653,P.1
MZ253661,P.1
MZ253722,P.1
MZ253741,P.1
MZ253827,P.1
MZ253838,P.1
MZ227993,P.1
MZ228048,P.1
MZ228124,P.1
MZ228635,P.1
MZ210117,P.1
MZ210139,P.1
MZ210212,P.1
MZ210556,P.1
MZ210683,P.1
MZ210730,P.1
MZ210733,P.1
MZ210753,P.1
MZ210817,P.1
MZ210964,P.1
MZ211040,P.1
MZ211044,P.1
MZ211104,P.1
MZ211118,P.1
MZ211119,P.1
MZ211133,P.1
MZ211144,P.1
MZ211148,P.1
MZ211458,P.1
MZ211469,P.1
MZ211491,P.1
MZ211572,P.1
MZ211573,P.1
MZ211587,P.1
MZ211598,P.1
MZ211614,P.1
MZ211952,P.1
MZ211953,P.1
MZ211954,P.1
MZ211999,P.1
MZ212060,P.1
MZ212610,P.1
MZ212760,P.1
MZ212856,P.1
MZ212909,P.1
MZ213754,P.1
MZ213905,P.1
MZ213913,P.1
MZ213920,P.1
MZ213926,P.1
MZ213928,P.1
MZ214279,P.1
MZ214295,P.1
MZ214440,P.1
MZ215057,P.1
MZ215062,P.1
MZ215064,P.1
MZ215067,P.1
MZ215137,P.1
MZ215291,P.1
MZ215355,P.1
MZ206384,P.1
MZ206391,P.1
MZ192503,P.1
MZ195600,P.1
MZ195721,P.1
MZ195726,P.1
MZ195727,P.1
MZ195795,P.1
MZ196000,P.1
MZ196005,P.1
MZ196063,P.1
MZ196086,P.1
MZ196088,P.1
MZ196091,P.1
MZ196095,P.1
MZ196099,P.1
MZ196102,P.1
MZ196129,P.1
MZ196136,P.1
MZ201409,P.1
MZ202073,P.1
MZ202113,P.1
MZ183912,P.1
MZ183969,P.1
MZ183970,P.1
MZ184003,P.1
MZ184028,P.1
MZ184075,P.1
MZ184087,P.1
MZ184280,P.1
MZ184334,P.1
MZ184776,P.1
MZ184777,P.1
MZ184780,P.1
MZ184853,P.1
MZ184863,P.1
MZ185034,P.1
MZ185103,P.1
MZ185121,P.1
MZ185131,P.1
MZ185149,P.1
MZ185156,P.1
MZ185191,P.1
MZ185196,P.1
MZ185212,P.1
MZ185463,P.1
MZ185486,P.1
MZ185552,P.1
MZ185561,P.1
MZ185594,P.1
MZ185595,P.1
MZ185597,P.1
MZ185686,P.1
MZ185690,P.1
MZ185703,P.1
MZ185771,P.1
MZ185849,P.1
MZ185850,P.1
MZ185911,P.1
MZ185982,P.1
MZ186026,P.1
MZ186524,P.1
MZ186560,P.1
MZ186607,P.1
MZ186661,P.1
MZ186778,P.1
MZ186974,P.1
MZ187244,P.1
MZ187391,P.1
MZ187468,P.1
MZ187625,P.1
MZ187707,P.1
MZ187946,P.1
MZ187978,P.1
MZ188066,P.1
MZ188068,P.1
MZ188075,P.1
MZ188084,P.1
MZ188161,P.1
MZ188190,P.1
MZ188325,P.1
MZ188329,P.1
MZ188341,P.1
MZ188404,P.1
MZ188473,P.1
MZ188495,P.1
MZ188573,P.1
MZ188574,P.1
MZ188593,P.1
MZ188738,P.1
MZ166038,P.1
MZ166046,P.1
MZ166049,P.1
MZ166072,P.1
MZ166076,P.1
MZ179273,P.1
MZ179314,P.1
MZ179944,P.1
MZ180477,P.1
MZ180569,P.1
MZ180570,P.1
MZ181700,P.1
MZ163401,P.1
MZ164483,P.1
MZ164488,P.1
MZ164511,P.1
MZ153510,P.1
MZ154453,P.1
MZ144314,P.1
MZ144316,P.1
MZ144318,P.1
MZ144320,P.1
MZ144323,P.1
MZ144324,P.1
MZ144325,P.1
MZ144385,P.1
MZ130973,P.1
MZ131021,P.1
MZ131048,P.1
MZ132427,P.1
MZ132820,P.1
MZ132879,P.1
MZ132921,P.1
MZ133118,P.1
MZ140479,P.1
MZ140496,P.1
MZ140500,P.1
MZ140683,P.1
MZ140707,P.1
MZ141144,P.1
MZ141147,P.1
MZ141414,P.1
MZ141437,P.1
MZ142028,P.1
MZ142029,P.1
MZ142096,P.1
MZ142101,P.1
MZ142196,P.1
MZ142372,P.1
MZ142379,P.1
MZ142387,P.1
MZ142400,P.1
MZ100075,P.1
MZ100113,P.1
MZ100481,P.1
MZ100702,P.1
MZ083024,P.1
MZ083026,P.1
MZ083412,P.1
MZ083421,P.1
MZ083491,P.1
MZ083804,P.1
MZ083856,P.1
MZ083971,P.1
MZ084008,P.1
MZ084012,P.1
MZ084159,P.1
MZ084371,P.1
MZ084459,P.1
MZ084631,P.1
MZ084660,P.1
MZ084758,P.1
MZ085193,P.1
MZ085383,P.1
MZ085423,P.1
MZ085682,P.1
MZ085887,P.1
MZ086068,P.1
MZ086069,P.1
MZ086220,P.1
MZ086265,P.1
MZ086337,P.1
MZ070275,P.1
MZ070367,P.1
MZ070368,P.1
MZ070586,P.1
MZ070624,P.1
MZ070664,P.1
MZ070779,P.1
MZ071032,P.1
MZ071034,P.1
MZ071245,P.1
MZ071258,P.1
MZ071259,P.1
MZ071260,P.1
MZ071633,P.1
MZ072339,P.1
MZ072341,P.1
MZ072694,P.1
MZ072700,P.1
MZ073083,P.1
MZ073089,P.1
MZ074357,P.1
MZ074359,P.1
MZ074388,P.1
MZ074390,P.1
MZ074447,P.1
MZ074489,P.1
MZ074773,P.1
MZ074784,P.1
MZ074883,P.1
MZ074993,P.1
MZ075272,P.1
MZ075291,P.1
MZ075440,P.1
MZ075494,P.1
MZ075605,P.1
MZ075692,P.1
MZ076017,P.1
MZ076091,P.1
MZ076108,P.1
MZ076124,P.1
MZ076164,P.1
MZ076219,P.1
MZ076248,P.1
MZ076448,P.1
MZ076775,P.1
MZ076776,P.1
MZ076780,P.1
MZ076781,P.1
MZ076897,P.1
MZ076902,P.1
MZ076945,P.1
MZ076947,P.1
MZ076954,P.1
MZ058122,P.1
MZ059335,P.1
MZ059499,P.1
MZ059645,P.1
MZ059661,P.1
MZ060035,P.1
MZ061348,P.1
MZ055058,P.1
MZ046546,P.1
MZ035018,P.1
MZ037330,P.1
MZ037367,P.1
MZ037370,P.1
MZ037382,P.1
MZ037511,P.1
MZ037613,P.1
MZ037659,P.1
MZ037690,P.1
MZ037758,P.1
MZ037759,P.1
MZ037761,P.1
MZ038237,P.1
MZ038264,P.1
MZ022135,P.1
MZ022289,P.1
MZ022296,P.1
MZ022581,P.1
MZ022583,P.1
MZ022698,P.1
MZ022699,P.1
MZ022751,P.1
MZ022771,P.1
MZ022787,P.1
MZ022843,P.1
MZ022915,P.1
MZ022918,P.1
MZ022920,P.1
MZ023012,P.1
MZ023057,P.1
MZ023101,P.1
MZ023109,P.1
MZ023114,P.1
MZ023123,P.1
MZ023297,P.1
MZ023427,P.1
MZ023432,P.1
MZ024314,P.1
MZ024792,P.1
MZ024845,P.1
MZ024961,P.1
MZ024986,P.1
MZ025030,P.1
MZ025032,P.1
MZ025044,P.1
MZ025061,P.1
MZ025065,P.1
MZ025155,P.1
MZ025249,P.1
MZ025259,P.1
MZ025260,P.1
MZ025436,P.1
MZ025440,P.1
MZ025442,P.1
MZ025570,P.1
MZ025784,P.1
MZ025794,P.1
MZ008859,P.1
MZ008908,P.1
MZ009221,P.1
MZ009993,P.1
MZ009994,P.1
MZ009995,P.1
MZ009996,P.1
MZ009998,P.1
MZ009999,P.1
MZ010000,P.1
MZ010001,P.1
MZ010002,P.1
MZ010004,P.1
MZ010005,P.1
MZ010312,P.1
MZ010315,P.1
MZ010571,P.1
MZ013317,P.1
MZ015261,P.1
MZ015380,P.1
MZ015474,P.1
MZ015475,P.1
MZ015476,P.1
MZ015498,P.1
MW990265,P.1
MW990277,P.1
MW990283,P.1
MW990291,P.1
MW990293,P.1
MW990294,P.1
MW990297,P.1
MW990298,P.1
MW990299,P.1
MW990300,P.1
MW990301,P.1
MW990302,P.1
MW990303,P.1
MW990371,P.1
MW990433,P.1
MW990636,P.1
MW990672,P.1
MW990681,P.1
MW990771,P.1
MW990887,P.1
MW990933,P.1
MW990936,P.1
MW991004,P.1
MW991202,P.1
MW991352,P.1
MW991368,P.1
MW993316,P.1
MW993332,P.1
MW993394,P.1
MW993456,P.1
MW993962,P.1
MW994525,P.1
MW994526,P.1
MW994790,P.1
MW994797,P.1
MW994904,P.1
MZ000073,P.1
MZ000116,P.1
MZ000153,P.1
MZ000200,P.1
MZ000233,P.1
MZ000264,P.1
MZ000788,P.1
MZ001235,P.1
MZ001237,P.1
MZ002268,P.1
MZ002270,P.1
MZ002271,P.1
MZ002283,P.1
MZ002294,P.1
MZ002618,P.1
MZ002623,P.1
MZ002624,P.1
MZ002636,P.1
MZ007021,P.1
MZ007299,P.1
MW965854,P.1
MW965857,P.1
MW965865,P.1
MW965868,P.1
MW965872,P.1
MW965875,P.1
MW965876,P.1
MW965877,P.1
MW965879,P.1
MW965880,P.1
MW965881,P.1
MW965882,P.1
MW966003,P.1
MW966280,P.1
MW966363,P.1
MW966902,P.1
MW967126,P.1
MW967171,P.1
MW967241,P.1
MW967292,P.1
MW967571,P.1
MW967573,P.1
MW968249,P.1
MW968267,P.1
MW968298,P.1
MW968304,P.1
MW968696,P.1
MW968761,P.1
MW968789,P.1
MW969333,P.1
MW969506,P.1
MW963202,P.1
MW963223,P.1
MW963224,P.1
MW963226,P.1
MW963227,P.1
MW963228,P.1
MW963236,P.1
MW963237,P.1
MW963238,P.1
MW963239,P.1
MW963245,P.1
MW963246,P.1
MW963250,P.1
MW963258,P.1
MW963259,P.1
MW963260,P.1
MW963269,P.1
MW963279,P.1
MW963291,P.1
MW963292,P.1
MW963294,P.1
MW963295,P.1
MW963297,P.1
MW963300,P.1
MW963302,P.1
MW963317,P.1
MW963320,P.1
MW963321,P.1
MW963323,P.1
MW963352,P.1
MW963438,P.1
MW964554,P.1
MW964555,P.1
MW964571,P.1
MW889953,P.1
MW932563,P.1
MW913826,P.1
MW913968,P.1
MW914410,P.1
MW914411,P.1
MW914415,P.1
MW914416,P.1
MW914417,P.1
MW904833,P.1
MW905049,P.1
MW906729,P.1
MW907668,P.1
MW907883,P.1
MW908628,P.1
MW908736,P.1
MW836152,P.1
MW877045,P.1
MW877046,P.1
MW877047,P.1
MW877099,P.1
MZ432646,P.1
MZ432694,P.1
MZ317182,P.1
MZ296118,P.1
MZ193182,P.1
MZ184922,P.1
MZ451820,P.1
MZ360033,P.1
MZ082964,P.1
MZ360031,P.1
MZ358513,P.1
MZ358515,P.1
MZ358519,P.1
MZ358525,P.1
MZ358526,P.1
MZ278412,P.1
MZ278413,P.1
MZ278420,P.1
MZ278423,P.1
MZ270530,P.1
MZ149295,P.1
MZ143851,P.1
MZ143852,P.1
MZ143853,P.1
MZ143856,P.1
MZ143858,P.1
MZ143859,P.1
MZ143861,P.1
MZ143862,P.1
MZ143863,P.1
MZ082703,P.1
MZ056015,P.1
MZ056021,P.1
MZ056059,P.1
MW849813,P.1
MZ451895,P.1
MZ451898,P.1
MZ451900,P.1
MZ451910,P.1
MZ451911,P.1
MZ358684,P.1
MZ451719,P.1
MZ368497,P.1
MZ322055,P.1
MZ294651,P.1
MZ290167,P.1
MZ241047,P.1
MZ241074,P.1
MZ192444,P.1
MZ358705,P.1
MZ358715,P.1
MZ358722,P.1
MZ331216,P.1
MZ449718,P.1
MZ450612,P.1
MZ450613,P.1
MZ434329,P.1
MZ434564,P.1
MZ434651,P.1
MZ434653,P.1
MZ434665,P.1
MZ430697,P.1
MZ432087,P.1
MZ432140,P.1
MZ432426,P.1
MZ432618,P.1
MZ432685,P.1
MZ386155,P.1
MZ386279,P.1
MZ376517,P.1
MZ354342,P.1
MZ343691,P.1
MZ343779,P.1
MZ343781,P.1
MZ343793,P.1
MZ320731,P.1
MZ320984,P.1
MZ316129,P.1
MZ316509,P.1
MZ294351,P.1
MZ280382,P.1
MZ280472,P.1
MZ280908,P.1
MZ282451,P.1
MZ284363,P.1
MZ290212,P.1
MZ290268,P.1
MZ290323,P.1
MZ290910,P.1
MZ291190,P.1
MZ237430,P.1
MZ238105,P.1
MZ252316,P.1
MZ227853,P.1
MZ227858,P.1
MZ227883,P.1
MZ213337,P.1
MZ213432,P.1
MZ195991,P.1
MZ201615,P.1
MZ185115,P.1
MZ186868,P.1
MZ187081,P.1
MZ153612,P.1
MZ153742,P.1
MZ144368,P.1
MZ144381,P.1
MZ132612,P.1
MZ100369,P.1
MZ084310,P.1
MZ033055,P.1
MZ009913,P.1
MW993602,P.1
MZ006522,P.1
MW912340,P.1
MZ358460,P.1
MZ436655,P.1
MZ400641,P.1
MZ358774,P.1
MZ453466,P.1
MZ449713,P.1
MZ449715,P.1
MZ449757,P.1
MZ450251,P.1
MZ450262,P.1
MZ450263,P.1
MZ450448,P.1
MZ450453,P.1
MZ450497,P.1
MZ450508,P.1
MZ450526,P.1
MZ450583,P.1
MZ450649,P.1
MZ450708,P.1
MZ432595,P.1
MZ414249,P.1
MZ414473,P.1
MZ414509,P.1
MZ414755,P.1
MZ415080,P.1
MZ415081,P.1
MZ415090,P.1
MZ415432,P.1
MZ415443,P.1
MZ415480,P.1
MZ415523,P.1
MZ415547,P.1
MZ415549,P.1
MZ415551,P.1
MZ415577,P.1
MZ415589,P.1
MZ415597,P.1
MZ415610,P.1
MZ415647,P.1
MZ415752,P.1
MZ415836,P.1
MZ415847,P.1
MZ415883,P.1
MZ415891,P.1
MZ415934,P.1
MZ416004,P.1
MZ416018,P.1
MZ416030,P.1
MZ416039,P.1
MZ416103,P.1
MZ411766,P.1
MZ411768,P.1
MZ411782,P.1
MZ411793,P.1
MZ411829,P.1
MZ411833,P.1
MZ411840,P.1
MZ411878,P.1
MZ411879,P.1
MZ411884,P.1
MZ411959,P.1
MZ411967,P.1
MZ411969,P.1
MZ411978,P.1
MZ411980,P.1
MZ411990,P.1
MZ411995,P.1
MZ412010,P.1
MZ412018,P.1
MZ412026,P.1
MZ412043,P.1
MZ412044,P.1
MZ412066,P.1
MZ412074,P.1
MZ412460,P.1
MZ384167,P.1
MZ385704,P.1
MZ385748,P.1
MZ385757,P.1
MZ386152,P.1
MZ386170,P.1
MZ386202,P.1
MZ386204,P.1
MZ386214,P.1
MZ386225,P.1
MZ386235,P.1
MZ386238,P.1
MZ386275,P.1
MZ386283,P.1
MZ386284,P.1
MZ386305,P.1
MZ386370,P.1
MZ386385,P.1
MZ386386,P.1
MZ386387,P.1
MZ386417,P.1
MZ386425,P.1
MZ386427,P.1
MZ386429,P.1
MZ386478,P.1
MZ386521,P.1
MZ386567,P.1
MZ386581,P.1
MZ386625,P.1
MZ386633,P.1
MZ386644,P.1
MZ375987,P.1
MZ376006,P.1
MZ376011,P.1
MZ376084,P.1
MZ376085,P.1
MZ376086,P.1
MZ376186,P.1
MZ376275,P.1
MZ376416,P.1
MZ376564,P.1
MZ376643,P.1
MZ371111,P.1
MZ371118,P.1
MZ371122,P.1
MZ371155,P.1
MZ371176,P.1
MZ371179,P.1
MZ371228,P.1
MZ371231,P.1
MZ371237,P.1
MZ371238,P.1
MZ371239,P.1
MZ371251,P.1
MZ371346,P.1
MZ371368,P.1
MZ356614,P.1
MZ356652,P.1
MZ356666,P.1
MZ356669,P.1
MZ356675,P.1
MZ356676,P.1
MZ354175,P.1
MZ354206,P.1
MZ354216,P.1
MZ354231,P.1
MZ354262,P.1
MZ354283,P.1
MZ354287,P.1
MZ354292,P.1
MZ354303,P.1
MZ354315,P.1
MZ354336,P.1
MZ354366,P.1
MZ354367,P.1
MZ354458,P.1
MZ354484,P.1
MZ354495,P.1
MZ354499,P.1
MZ354512,P.1
MZ354516,P.1
MZ354564,P.1
MZ354567,P.1
MZ354569,P.1
MZ354584,P.1
MZ354589,P.1
MZ354626,P.1
MZ349254,P.1
MZ349702,P.1
MZ349868,P.1
MZ349876,P.1
MZ342188,P.1
MZ342310,P.1
MZ342328,P.1
MZ342366,P.1
MZ342383,P.1
MZ342430,P.1
MZ342432,P.1
MZ342498,P.1
MZ342538,P.1
MZ342542,P.1
MZ342547,P.1
MZ342561,P.1
MZ342565,P.1
MZ337556,P.1
MZ337560,P.1
MZ337565,P.1
MZ337568,P.1
MZ337569,P.1
MZ319406,P.1
MZ319414,P.1
MZ319432,P.1
MZ319724,P.1
MZ320555,P.1
MZ320863,P.1
MZ320865,P.1
MZ320937,P.1
MZ322070,P.1
MZ322078,P.1
MZ315210,P.1
MZ315235,P.1
MZ315253,P.1
MZ315294,P.1
MZ315343,P.1
MZ315344,P.1
MZ315363,P.1
MZ315374,P.1
MZ315415,P.1
MZ315432,P.1
MZ315450,P.1
MZ315463,P.1
MZ315490,P.1
MZ315495,P.1
MZ315522,P.1
MZ315543,P.1
MZ315546,P.1
MZ315629,P.1
MZ315670,P.1
MZ315672,P.1
MZ315697,P.1
MZ315704,P.1
MZ315716,P.1
MZ315731,P.1
MZ315732,P.1
MZ315774,P.1
MZ315791,P.1
MZ315892,P.1
MZ315895,P.1
MZ315923,P.1
MZ315933,P.1
MZ315962,P.1
MZ315974,P.1
MZ315982,P.1
MZ315994,P.1
MZ316041,P.1
MZ316057,P.1
MZ316072,P.1
MZ316098,P.1
MZ316139,P.1
MZ316143,P.1
MZ316164,P.1
MZ316183,P.1
MZ316223,P.1
MZ316226,P.1
MZ316279,P.1
MZ316329,P.1
MZ316381,P.1
MZ316504,P.1
MZ316506,P.1
MZ316512,P.1
MZ317164,P.1
MZ305357,P.1
MZ305363,P.1
MZ305365,P.1
MZ308071,P.1
MZ308090,P.1
MZ308130,P.1
MZ308157,P.1
MZ308238,P.1
MZ308283,P.1
MZ308341,P.1
MZ308346,P.1
MZ294001,P.1
MZ294002,P.1
MZ294030,P.1
MZ294132,P.1
MZ294257,P.1
MZ294341,P.1
MZ295782,P.1
MZ296053,P.1
MZ296075,P.1
MZ277932,P.1
MZ277959,P.1
MZ277976,P.1
MZ277994,P.1
MZ278081,P.1
MZ278531,P.1
MZ278656,P.1
MZ278657,P.1
MZ278689,P.1
MZ278738,P.1
MZ278822,P.1
MZ278856,P.1
MZ278864,P.1
MZ278911,P.1
MZ278914,P.1
MZ279164,P.1
MZ279342,P.1
MZ279401,P.1
MZ279486,P.1
MZ279637,P.1
MZ279662,P.1
MZ279673,P.1
MZ280025,P.1
MZ280541,P.1
MZ280602,P.1
MZ280619,P.1
MZ280776,P.1
MZ280950,P.1
MZ281134,P.1
MZ281164,P.1
MZ281253,P.1
MZ281278,P.1
MZ281338,P.1
MZ281339,P.1
MZ281395,P.1
MZ281520,P.1
MZ281582,P.1
MZ281679,P.1
MZ281719,P.1
MZ281720,P.1
MZ281721,P.1
MZ281731,P.1
MZ281839,P.1
MZ281908,P.1
MZ281964,P.1
MZ281989,P.1
MZ282043,P.1
MZ282702,P.1
MZ283085,P.1
MZ283086,P.1
MZ283191,P.1
MZ283795,P.1
MZ283954,P.1
MZ284064,P.1
MZ284530,P.1
MZ284649,P.1
MZ284828,P.1
MZ290140,P.1
MZ290150,P.1
MZ290206,P.1
MZ290237,P.1
MZ290250,P.1
MZ290269,P.1
MZ290298,P.1
MZ290311,P.1
MZ290424,P.1
MZ290442,P.1
MZ290491,P.1
MZ290653,P.1
MZ290656,P.1
MZ290684,P.1
MZ290688,P.1
MZ290704,P.1
MZ290713,P.1
MZ290715,P.1
MZ290726,P.1
MZ290739,P.1
MZ290753,P.1
MZ290762,P.1
MZ290767,P.1
MZ290858,P.1
MZ290981,P.1
MZ291038,P.1
MZ291092,P.1
MZ291159,P.1
MZ291164,P.1
MZ291188,P.1
MZ291189,P.1
MZ291196,P.1
MZ291197,P.1
MZ291204,P.1
MZ291285,P.1
MZ291296,P.1
MZ291299,P.1
MZ291308,P.1
MZ291321,P.1
MZ291332,P.1
MZ291364,P.1
MZ291383,P.1
MZ270742,P.1
MZ271303,P.1
MZ271335,P.1
MZ271665,P.1
MZ271754,P.1
MZ255109,P.1
MZ255432,P.1
MZ255668,P.1
MZ236864,P.1
MZ236983,P.1
MZ237114,P.1
MZ237189,P.1
MZ237192,P.1
MZ237231,P.1
MZ237264,P.1
MZ237274,P.1
MZ237361,P.1
MZ237372,P.1
MZ237378,P.1
MZ237451,P.1
MZ237471,P.1
MZ237505,P.1
MZ237559,P.1
MZ237565,P.1
MZ237582,P.1
MZ237589,P.1
MZ237590,P.1
MZ237639,P.1
MZ237690,P.1
MZ237800,P.1
MZ237861,P.1
MZ237958,P.1
MZ237967,P.1
MZ238002,P.1
MZ238096,P.1
MZ238106,P.1
MZ238111,P.1
MZ238382,P.1
MZ238506,P.1
MZ238559,P.1
MZ238606,P.1
MZ239988,P.1
MZ241078,P.1
MZ241079,P.1
MZ241080,P.1
MZ241085,P.1
MZ241087,P.1
MZ241089,P.1
MZ244534,P.1
MZ244600,P.1
MZ244701,P.1
MZ244824,P.1
MZ245015,P.1
MZ245055,P.1
MZ245104,P.1
MZ245270,P.1
MZ245272,P.1
MZ245320,P.1
MZ245331,P.1
MZ245349,P.1
MZ245357,P.1
MZ252770,P.1
MZ252795,P.1
MZ227882,P.1
MZ227976,P.1
MZ228006,P.1
MZ228071,P.1
MZ228094,P.1
MZ228118,P.1
MZ228148,P.1
MZ228186,P.1
MZ228223,P.1
MZ228496,P.1
MZ228531,P.1
MZ228546,P.1
MZ228718,P.1
MZ228731,P.1
MZ228809,P.1
MZ228843,P.1
MZ228855,P.1
MZ228872,P.1
MZ228885,P.1
MZ228886,P.1
MZ222435,P.1
MZ222453,P.1
MZ222459,P.1
MZ222468,P.1
MZ222471,P.1
MZ222475,P.1
MZ222481,P.1
MZ210259,P.1
MZ210403,P.1
MZ210423,P.1
MZ210443,P.1
MZ210444,P.1
MZ210603,P.1
MZ211270,P.1
MZ211271,P.1
MZ211302,P.1
MZ211319,P.1
MZ211340,P.1
MZ211728,P.1
MZ211803,P.1
MZ211806,P.1
MZ211807,P.1
MZ211808,P.1
MZ211819,P.1
MZ212407,P.1
MZ212478,P.1
MZ213031,P.1
MZ213114,P.1
MZ213126,P.1
MZ213408,P.1
MZ213468,P.1
MZ214909,P.1
MZ214995,P.1
MZ214997,P.1
MZ215002,P.1
MZ215287,P.1
MZ206422,P.1
MZ195236,P.1
MZ195261,P.1
MZ195325,P.1
MZ195361,P.1
MZ195583,P.1
MZ195646,P.1
MZ195655,P.1
MZ195930,P.1
MZ196077,P.1
MZ196189,P.1
MZ196190,P.1
MZ201312,P.1
MZ201337,P.1
MZ201382,P.1
MZ201487,P.1
MZ201491,P.1
MZ201496,P.1
MZ201520,P.1
MZ201552,P.1
MZ201694,P.1
MZ201702,P.1
MZ201797,P.1
MZ201809,P.1
MZ201904,P.1
MZ201961,P.1
MZ202017,P.1
MZ202044,P.1
MZ202074,P.1
MZ202080,P.1
MZ183984,P.1
MZ183987,P.1
MZ183991,P.1
MZ184002,P.1
MZ184005,P.1
MZ184016,P.1
MZ184458,P.1
MZ184505,P.1
MZ184721,P.1
MZ184962,P.1
MZ184965,P.1
MZ185036,P.1
MZ185107,P.1
MZ185172,P.1
MZ185288,P.1
MZ185633,P.1
MZ185784,P.1
MZ186010,P.1
MZ186130,P.1
MZ186138,P.1
MZ186204,P.1
MZ186371,P.1
MZ186935,P.1
MZ187769,P.1
MZ187862,P.1
MZ188003,P.1
MZ188449,P.1
MZ188525,P.1
MZ188527,P.1
MZ188533,P.1
MZ188735,P.1
MZ166051,P.1
MZ166060,P.1
MZ166325,P.1
MZ166347,P.1
MZ166460,P.1
MZ180783,P.1
MZ181024,P.1
MZ158914,P.1
MZ158942,P.1
MZ163188,P.1
MZ163250,P.1
MZ163258,P.1
MZ163266,P.1
MZ163297,P.1
MZ163349,P.1
MZ163353,P.1
MZ163410,P.1
MZ163419,P.1
MZ163421,P.1
MZ163453,P.1
MZ163472,P.1
MZ163480,P.1
MZ163523,P.1
MZ163558,P.1
MZ163617,P.1
MZ163706,P.1
MZ163727,P.1
MZ163833,P.1
MZ163975,P.1
MZ164023,P.1
MZ164036,P.1
MZ164042,P.1
MZ164169,P.1
MZ164174,P.1
MZ164416,P.1
MZ164444,P.1
MZ164446,P.1
MZ164495,P.1
MZ164499,P.1
MZ164502,P.1
MZ164503,P.1
MZ164507,P.1
MZ164508,P.1
MZ164510,P.1
MZ164512,P.1
MZ153572,P.1
MZ153592,P.1
MZ153636,P.1
MZ153738,P.1
MZ153814,P.1
MZ153889,P.1
MZ154229,P.1
MZ154244,P.1
MZ154261,P.1
MZ154322,P.1
MZ154326,P.1
MZ154395,P.1
MZ154528,P.1
MZ154643,P.1
MZ149270,P.1
MZ149276,P.1
MZ149285,P.1
MZ149290,P.1
MZ144343,P.1
MZ132443,P.1
MZ132586,P.1
MZ132638,P.1
MZ132687,P.1
MZ132707,P.1
MZ132753,P.1
MZ132934,P.1
MZ132993,P.1
MZ132998,P.1
MZ133216,P.1
MZ133250,P.1
MZ133262,P.1
MZ133276,P.1
MZ100196,P.1
MZ100204,P.1
MZ100306,P.1
MZ100312,P.1
MZ100339,P.1
MZ100352,P.1
MZ100393,P.1
MZ100608,P.1
MZ100638,P.1
MZ100781,P.1
MZ100914,P.1
MZ100928,P.1
MZ101011,P.1
MZ101207,P.1
MZ101228,P.1
MZ101232,P.1
MZ101255,P.1
MZ083413,P.1
MZ083978,P.1
MZ084219,P.1
MZ084748,P.1
MZ084815,P.1
MZ084871,P.1
MZ084878,P.1
MZ085424,P.1
MZ085762,P.1
MZ085970,P.1
MZ086272,P.1
MZ086471,P.1
MZ086683,P.1
MZ072042,P.1
MZ074946,P.1
MZ075231,P.1
MZ075238,P.1
MZ075595,P.1
MZ075662,P.1
MZ075795,P.1
MZ076294,P.1
MZ076782,P.1
MZ076946,P.1
MZ076950,P.1
MZ076953,P.1
MZ076956,P.1
MZ076958,P.1
MZ076965,P.1
MZ058014,P.1
MZ058117,P.1
MZ058120,P.1
MZ058124,P.1
MZ058129,P.1
MZ058992,P.1
MZ059026,P.1
MZ059054,P.1
MZ059132,P.1
MZ059251,P.1
MZ059309,P.1
MZ059360,P.1
MZ059368,P.1
MZ059577,P.1
MZ059581,P.1
MZ059700,P.1
MZ059710,P.1
MZ059841,P.1
MZ059909,P.1
MZ059943,P.1
MZ060053,P.1
MZ060063,P.1
MZ060082,P.1
MZ060106,P.1
MZ060303,P.1
MZ060325,P.1
MZ060335,P.1
MZ060340,P.1
MZ060357,P.1
MZ060369,P.1
MZ060402,P.1
MZ060414,P.1
MZ060569,P.1
MZ060585,P.1
MZ060753,P.1
MZ060886,P.1
MZ061015,P.1
MZ061118,P.1
MZ061186,P.1
MZ061415,P.1
MZ061487,P.1
MZ061542,P.1
MZ046429,P.1
MZ046430,P.1
MZ046439,P.1
MZ046441,P.1
MZ046448,P.1
MZ046449,P.1
MZ046624,P.1
MZ033046,P.1
MZ033047,P.1
MZ033052,P.1
MZ033054,P.1
MZ033057,P.1
MZ033060,P.1
MZ033062,P.1
MZ033063,P.1
MZ033083,P.1
MZ033085,P.1
MZ034843,P.1
MZ034883,P.1
MZ035108,P.1
MZ035142,P.1
MZ035181,P.1
MZ035309,P.1
MZ035514,P.1
MZ035732,P.1
MZ023301,P.1
MZ023743,P.1
MZ024891,P.1
MZ024894,P.1
MZ024977,P.1
MZ025079,P.1
MZ025517,P.1
MZ025761,P.1
MZ008906,P.1
MZ008992,P.1
MZ008998,P.1
MZ009246,P.1
MZ009379,P.1
MZ009387,P.1
MZ009432,P.1
MZ009476,P.1
MZ009480,P.1
MZ009555,P.1
MZ009714,P.1
MZ009763,P.1
MZ009894,P.1
MZ010337,P.1
MZ013403,P.1
MZ013486,P.1
MZ015348,P.1
MZ019089,P.1
MW990261,P.1
MW990266,P.1
MW990271,P.1
MW990275,P.1
MW990276,P.1
MW990278,P.1
MW990479,P.1
MW990508,P.1
MW991253,P.1
MZ006417,P.1
MZ006538,P.1
MZ006573,P.1
MZ006592,P.1
MZ006934,P.1
MW966400,P.1
MW966858,P.1
MW967259,P.1
MW967655,P.1
MW967801,P.1
MW968916,P.1
MW963199,P.1
MW963200,P.1
MW963205,P.1
MW963211,P.1
MW963225,P.1
MW963240,P.1
MW963244,P.1
MW963249,P.1
MW963272,P.1
MW963280,P.1
MW963284,P.1
MW963286,P.1
MW963290,P.1
MW963301,P.1
MW963303,P.1
MW963342,P.1
MW963349,P.1
MW963442,P.1
MW963473,P.1
MW963480,P.1
MW963519,P.1
MW963761,P.1
MW963897,P.1
MW963906,P.1
MW964091,P.1
MW964181,P.1
MW964539,P.1
MW964540,P.1
MW964543,P.1
MW964560,P.1
MW964562,P.1
MW964566,P.1
MW932121,P.1
MW932307,P.1
MW932359,P.1
MW932382,P.1
MW932392,P.1
MW932416,P.1
MW932645,P.1
MW931287,P.1
MW912257,P.1
MW912471,P.1
MW905718,P.1
MW906777,P.1
MW907245,P.1
MW908257,P.1
MW908289,P.1
MW908470,P.1
MW908507,P.1
MW909170,P.1
MW877187,P.1
MW869051,P.1
MW869052,P.1
MW869216,P.1
MW869227,P.1
MW864784,P.1
MW844536,P.1
MW840850,P.1
MW807941,P.1
MW807942,P.1
MW807979,P.1
MW808148,P.1
MW808150,P.1
MZ458170,P.1
MZ458216,P.1
MZ458256,P.1
MZ398678,P.1
MZ398888,P.1
MZ398890,P.1
MZ398897,P.1
MZ398903,P.1
MZ399028,P.1
MZ399046,P.1
MZ399097,P.1
MZ340675,P.1
MZ340707,P.1
MZ340720,P.1
MZ340730,P.1
MZ340746,P.1
MZ340755,P.1
MZ340767,P.1
MZ340788,P.1
MZ340791,P.1
MZ340794,P.1
MZ340810,P.1
MZ340822,P.1
MZ340833,P.1
MZ340852,P.1
MZ340853,P.1
MZ340857,P.1
MZ340889,P.1
MZ340906,P.1
MZ340909,P.1
MZ340977,P.1
MZ278256,P.1
MZ286697,P.1
MZ286727,P.1
MZ286731,P.1
MZ286745,P.1
MZ286755,P.1
MZ239462,P.1
MZ239472,P.1
MZ239496,P.1
MZ239504,P.1
MZ239525,P.1
MZ239527,P.1
MZ239528,P.1
MZ239533,P.1
MZ239618,P.1
MZ239702,P.1
MZ239719,P.1
MZ239762,P.1
MZ239782,P.1
MZ239913,P.1
MZ239947,P.1
MZ239956,P.1
MZ164666,P.1
MZ164729,P.1
MW987895,P.1
MW987967,P.1
MW987994,P.1
MW988002,P.1
MW894216,P.1
MW894429,P.1
MW735609,P.1
MW725828,P.1
MW725867,P.1
MW689888,P.1
MZ371373,P.1
MZ372005,P.1
MZ372182,P.1
MZ372183,P.1
MZ341904,P.1
MZ060081,P.1
MZ023040,P.1
MZ341377,P.1
MZ319776,P.1
MZ294189,P.1
MZ295816,P.1
MZ271225,P.1
MZ023490,P.1
MZ358645,P.1
MZ278225,P.1
MZ056140,P.1
MZ358506,P.1
MZ331127,P.1
MZ278428,P.1
MZ433495,P.1
MZ414819,P.1
MZ368506,P.1
MZ368532,P.1
MZ371324,P.1
MZ356618,P.1
MZ356724,P.1
MZ349808,P.1
MZ342513,P.1
MZ342517,P.1
MZ337581,P.1
MZ322035,P.1
MZ322040,P.1
MZ322041,P.1
MZ322056,P.1
MZ322064,P.1
MZ322065,P.1
MZ322067,P.1
MZ308270,P.1
MZ296086,P.1
MZ284821,P.1
MZ290231,P.1
MZ241029,P.1
MZ241030,P.1
MZ252480,P.1
MZ222418,P.1
MZ222422,P.1
MZ222424,P.1
MZ213466,P.1
MZ214692,P.1
MZ192447,P.1
MZ202306,P.1
MZ181117,P.1
MZ164472,P.1
MZ164482,P.1
MZ164487,P.1
MZ164492,P.1
MZ083967,P.1
MZ086253,P.1
MZ058123,P.1
MZ046442,P.1
MZ046444,P.1
MZ046447,P.1
MZ033037,P.1
MZ033042,P.1
MZ033072,P.1
MW963262,P.1
MW963287,P.1
MW963293,P.1
MZ450187,P.1
MZ450301,P.1
MZ450303,P.1
MZ434171,P.1
MZ434203,P.1
MZ434206,P.1
MZ434232,P.1
MZ434244,P.1
MZ434249,P.1
MZ434257,P.1
MZ434259,P.1
MZ434290,P.1
MZ434292,P.1
MZ434308,P.1
MZ434326,P.1
MZ434349,P.1
MZ434358,P.1
MZ434363,P.1
MZ434399,P.1
MZ434404,P.1
MZ434443,P.1
MZ434470,P.1
MZ434477,P.1
MZ430620,P.1
MZ430628,P.1
MZ430768,P.1
MZ430826,P.1
MZ430855,P.1
MZ430864,P.1
MZ430911,P.1
MZ431864,P.1
MZ432031,P.1
MZ432040,P.1
MZ432067,P.1
MZ432078,P.1
MZ432085,P.1
MZ432089,P.1
MZ432141,P.1
MZ432198,P.1
MZ432203,P.1
MZ432214,P.1
MZ432215,P.1
MZ432227,P.1
MZ432251,P.1
MZ432288,P.1
MZ432289,P.1
MZ432415,P.1
MZ432454,P.1
MZ432460,P.1
MZ432462,P.1
MZ432469,P.1
MZ432476,P.1
MZ432491,P.1
MZ432552,P.1
MZ432574,P.1
MZ432583,P.1
MZ432598,P.1
MZ432619,P.1
MZ432665,P.1
MZ432710,P.1
MZ386627,P.1
MZ375571,P.1
MZ375574,P.1
MZ375629,P.1
MZ375636,P.1
MZ375656,P.1
MZ375690,P.1
MZ375697,P.1
MZ375709,P.1
MZ375717,P.1
MZ375719,P.1
MZ360155,P.1
MZ360175,P.1
MZ360197,P.1
MZ360230,P.1
MZ360235,P.1
MZ360236,P.1
MZ360238,P.1
MZ360297,P.1
MZ354711,P.1
MZ354764,P.1
MZ354778,P.1
MZ354848,P.1
MZ354852,P.1
MZ319902,P.1
MZ320076,P.1
MZ306049,P.1
MZ306137,P.1
MZ294067,P.1
MZ298037,P.1
MZ298092,P.1
MZ280067,P.1
MZ280113,P.1
MZ281008,P.1
MZ281459,P.1
MZ281467,P.1
MZ281868,P.1
MZ283260,P.1
MZ283405,P.1
MZ283407,P.1
MZ283408,P.1
MZ283411,P.1
MZ283948,P.1
MZ283951,P.1
MZ284164,P.1
MZ284413,P.1
MZ290343,P.1
MZ271090,P.1
MZ255075,P.1
MZ256418,P.1
MZ245025,P.1
MZ254257,P.1
MZ193873,P.1
MZ195476,P.1
MZ195797,P.1
MZ184558,P.1
MZ184969,P.1
MZ185387,P.1
MZ186254,P.1
MZ187196,P.1
MZ187866,P.1
MZ181867,P.1
MZ131001,P.1
MZ131217,P.1
MZ083176,P.1
MZ083593,P.1
MZ084824,P.1
MZ039057,P.1
MZ025539,P.1
MZ025543,P.1
MW990805,P.1
MW993949,P.1
MZ340642,P.1
MZ331703,P.1
MZ339297,P.1
MZ018201,P.1
MZ450167,P.1
MZ450239,P.1
MZ450240,P.1
MZ450252,P.1
MZ450325,P.1
MZ450341,P.1
MZ450418,P.1
MZ450561,P.1
MZ450585,P.1
MZ450586,P.1
MZ450704,P.1
MZ450756,P.1
MZ450759,P.1
MZ433500,P.1
MZ414704,P.1
MZ414743,P.1
MZ414746,P.1
MZ414747,P.1
MZ415826,P.1
MZ416003,P.1
MZ402026,P.1
MZ384158,P.1
MZ384210,P.1
MZ385714,P.1
MZ386131,P.1
MZ386132,P.1
MZ386190,P.1
MZ386197,P.1
MZ386223,P.1
MZ386250,P.1
MZ386315,P.1
MZ386318,P.1
MZ386352,P.1
MZ386411,P.1
MZ386472,P.1
MZ386484,P.1
MZ386544,P.1
MZ375976,P.1
MZ376113,P.1
MZ376124,P.1
MZ376209,P.1
MZ376538,P.1
MZ376601,P.1
MZ376603,P.1
MZ368283,P.1
MZ368498,P.1
MZ368519,P.1
MZ368520,P.1
MZ368523,P.1
MZ372384,P.1
MZ372497,P.1
MZ372780,P.1
MZ372907,P.1
MZ356667,P.1
MZ356672,P.1
MZ356673,P.1
MZ356678,P.1
MZ356680,P.1
MZ354295,P.1
MZ349452,P.1
MZ349692,P.1
MZ341183,P.1
MZ337566,P.1
MZ337570,P.1
MZ319402,P.1
MZ319408,P.1
MZ319431,P.1
MZ319434,P.1
MZ319436,P.1
MZ319441,P.1
MZ319816,P.1
MZ320186,P.1
MZ320657,P.1
MZ320893,P.1
MZ320993,P.1
MZ322052,P.1
MZ322057,P.1
MZ315485,P.1
MZ315570,P.1
MZ315646,P.1
MZ316052,P.1
MZ305353,P.1
MZ305355,P.1
MZ305364,P.1
MZ294014,P.1
MZ294173,P.1
MZ296107,P.1
MZ296109,P.1
MZ277925,P.1
MZ277992,P.1
MZ277993,P.1
MZ278002,P.1
MZ278047,P.1
MZ278076,P.1
MZ278513,P.1
MZ278903,P.1
MZ279350,P.1
MZ280026,P.1
MZ280552,P.1
MZ281310,P.1
MZ281333,P.1
MZ281366,P.1
MZ281637,P.1
MZ281998,P.1
MZ282274,P.1
MZ282438,P.1
MZ282441,P.1
MZ282450,P.1
MZ282672,P.1
MZ282944,P.1
MZ282959,P.1
MZ283171,P.1
MZ283317,P.1
MZ283418,P.1
MZ283480,P.1
MZ283614,P.1
MZ283643,P.1
MZ283698,P.1
MZ284091,P.1
MZ284253,P.1
MZ284331,P.1
MZ284794,P.1
MZ290182,P.1
MZ290185,P.1
MZ290195,P.1
MZ290197,P.1
MZ290204,P.1
MZ290209,P.1
MZ290211,P.1
MZ290215,P.1
MZ290447,P.1
MZ290547,P.1
MZ290909,P.1
MZ271123,P.1
MZ271230,P.1
MZ271245,P.1
MZ271299,P.1
MZ271521,P.1
MZ255135,P.1
MZ255969,P.1
MZ236876,P.1
MZ236904,P.1
MZ238485,P.1
MZ238486,P.1
MZ238793,P.1
MZ240223,P.1
MZ241014,P.1
MZ241015,P.1
MZ241018,P.1
MZ241020,P.1
MZ241021,P.1
MZ241022,P.1
MZ241023,P.1
MZ241024,P.1
MZ241025,P.1
MZ241036,P.1
MZ241042,P.1
MZ241043,P.1
MZ241052,P.1
MZ241054,P.1
MZ241057,P.1
MZ241062,P.1
MZ241063,P.1
MZ241065,P.1
MZ241066,P.1
MZ241068,P.1
MZ241069,P.1
MZ241070,P.1
MZ241071,P.1
MZ241072,P.1
MZ241084,P.1
MZ241094,P.1
MZ241104,P.1
MZ244913,P.1
MZ244943,P.1
MZ245119,P.1
MZ245166,P.1
MZ228173,P.1
MZ222445,P.1
MZ222447,P.1
MZ222448,P.1
MZ222449,P.1
MZ222452,P.1
MZ222454,P.1
MZ222455,P.1
MZ222456,P.1
MZ222457,P.1
MZ222458,P.1
MZ222461,P.1
MZ222478,P.1
MZ210466,P.1
MZ210594,P.1
MZ211321,P.1
MZ211990,P.1
MZ211992,P.1
MZ212286,P.1
MZ212739,P.1
MZ212887,P.1
MZ213143,P.1
MZ213144,P.1
MZ213636,P.1
MZ214152,P.1
MZ215212,P.1
MZ215213,P.1
MZ215238,P.1
MZ215454,P.1
MZ206379,P.1
MZ192448,P.1
MZ192449,P.1
MZ192451,P.1
MZ192452,P.1
MZ194024,P.1
MZ195394,P.1
MZ195414,P.1
MZ195441,P.1
MZ195519,P.1
MZ195576,P.1
MZ195687,P.1
MZ195693,P.1
MZ195729,P.1
MZ196045,P.1
MZ196155,P.1
MZ196165,P.1
MZ201335,P.1
MZ201845,P.1
MZ183958,P.1
MZ184020,P.1
MZ184099,P.1
MZ184110,P.1
MZ184255,P.1
MZ184649,P.1
MZ184786,P.1
MZ184801,P.1
MZ184842,P.1
MZ185153,P.1
MZ185198,P.1
MZ185467,P.1
MZ185528,P.1
MZ185939,P.1
MZ186079,P.1
MZ186124,P.1
MZ187002,P.1
MZ187560,P.1
MZ187561,P.1
MZ187845,P.1
MZ188638,P.1
MZ166042,P.1
MZ166045,P.1
MZ166057,P.1
MZ166058,P.1
MZ166059,P.1
MZ166061,P.1
MZ166063,P.1
MZ181732,P.1
MZ163246,P.1
MZ163552,P.1
MZ163803,P.1
MZ164450,P.1
MZ164451,P.1
MZ164452,P.1
MZ164454,P.1
MZ164455,P.1
MZ164457,P.1
MZ164459,P.1
MZ164460,P.1
MZ164461,P.1
MZ164462,P.1
MZ164463,P.1
MZ164464,P.1
MZ164467,P.1
MZ164468,P.1
MZ153756,P.1
MZ149275,P.1
MZ149281,P.1
MZ144353,P.1
MZ144354,P.1
MZ144369,P.1
MZ144371,P.1
MZ144373,P.1
MZ144378,P.1
MZ144379,P.1
MZ131041,P.1
MZ132788,P.1
MZ133039,P.1
MZ099845,P.1
MZ099850,P.1
MZ099858,P.1
MZ099862,P.1
MZ099865,P.1
MZ084059,P.1
MZ085008,P.1
MZ085080,P.1
MZ085997,P.1
MZ074525,P.1
MZ075177,P.1
MZ076948,P.1
MZ076955,P.1
MZ076957,P.1
MZ058130,P.1
MZ058135,P.1
MZ059485,P.1
MZ060445,P.1
MZ061291,P.1
MZ054848,P.1
MZ054851,P.1
MZ054852,P.1
MZ054855,P.1
MZ046426,P.1
MZ046427,P.1
MZ046428,P.1
MZ046432,P.1
MZ046434,P.1
MZ046435,P.1
MZ046436,P.1
MZ046440,P.1
MZ046446,P.1
MZ033045,P.1
MZ033069,P.1
MZ033070,P.1
MZ033080,P.1
MZ033081,P.1
MZ035188,P.1
MZ022158,P.1
MZ022235,P.1
MZ024548,P.1
MZ025255,P.1
MZ009701,P.1
MZ009708,P.1
MZ009887,P.1
MZ013654,P.1
MW990292,P.1
MW990551,P.1
MW991025,P.1
MW993475,P.1
MZ003835,P.1
MZ006457,P.1
MZ006984,P.1
MW965858,P.1
MW965859,P.1
MW965867,P.1
MW965869,P.1
MW965873,P.1
MW967312,P.1
MW963213,P.1
MW963215,P.1
MW963235,P.1
MW963263,P.1
MW963264,P.1
MW963265,P.1
MW963318,P.1
MW963415,P.1
MW963416,P.1
MW963436,P.1
MW963440,P.1
MW963478,P.1
MW963911,P.1
MW964541,P.1
MW964558,P.1
MW932234,P.1
MW911865,P.1
MW911953,P.1
MW912118,P.1
MW912124,P.1
MW912172,P.1
MW912186,P.1
MW912219,P.1
MW912308,P.1
MW912312,P.1
MW912449,P.1
MW912493,P.1
MW912507,P.1
MW907027,P.1
MZ206244,P.1
MZ429110,P.1
MZ429113,P.1
MZ331039,P.1
MZ378116,P.1
MZ377746,P.1
MZ377748,P.1
MZ206650,P.1
MZ206656,P.1
MZ206667,P.1
MZ378193,P.1
MZ378195,P.1
MZ377941,P.1
MZ377942,P.1
MZ377943,P.1
MZ377947,P.1
MZ377953,P.1
MZ377954,P.1
MZ378151,P.1
MZ378564,P.1
MZ378570,P.1
MZ378571,P.1
MZ378580,P.1
MZ378581,P.1
MZ378583,P.1
MZ377428,P.1
MZ377439,P.1
MZ377452,P.1
MZ377468,P.1
MZ378026,P.1
MZ378077,P.1
MZ378486,P.1
MZ378515,P.1
MZ453427,P.1
MZ377351,P.1
MZ377477,P.1
MZ377481,P.1
MZ377488,P.1
MZ377491,P.1
MZ377512,P.1
MZ377526,P.1
MZ377540,P.1
MZ377559,P.1
MZ377567,P.1
MZ377580,P.1
MZ377612,P.1
MZ377974,P.1
MZ377978,P.1
MZ377979,P.1
MZ377985,P.1
MZ377987,P.1
MZ377998,P.1
MZ378002,P.1
MZ378005,P.1
MZ378010,P.1
MZ378015,P.1
MZ378023,P.1
MZ378217,P.1
MZ378258,P.1
MZ378264,P.1
MZ378265,P.1
MZ378274,P.1
MZ378275,P.1
MZ378624,P.1
MZ378648,P.1
MZ378650,P.1
MZ378684,P.1
MZ378691,P.1
MZ378701,P.1
MZ378702,P.1
MZ375859,P.1
MZ376652,P.1
MZ376653,P.1
MZ270528,P.1
MZ206925,P.1
MZ143907,P.1
MZ056152,P.1
MZ320531,P.1
MZ281956,P.1
MZ213973,P.1
MZ184012,P.1
MZ144311,P.1
MZ076769,P.1
MZ076975,P.1
MW963350,P.1
MZ449726,P.1
MZ449727,P.1
MZ450492,P.1
MZ450618,P.1
MZ433483,P.1
MZ433484,P.1
MZ433489,P.1
MZ414820,P.1
MZ414826,P.1
MZ414827,P.1
MZ415070,P.1
MZ415071,P.1
MZ415827,P.1
MZ386524,P.1
MZ386527,P.1
MZ386629,P.1
MZ375930,P.1
MZ372439,P.1
MZ372589,P.1
MZ372714,P.1
MZ372787,P.1
MZ372878,P.1
MZ356702,P.1
MZ356704,P.1
MZ356706,P.1
MZ356707,P.1
MZ356714,P.1
MZ356717,P.1
MZ356719,P.1
MZ356720,P.1
MZ354327,P.1
MZ354450,P.1
MZ319755,P.1
MZ320121,P.1
MZ320166,P.1
MZ320529,P.1
MZ320537,P.1
MZ320967,P.1
MZ315579,P.1
MZ315586,P.1
MZ315989,P.1
MZ316119,P.1
MZ316272,P.1
MZ316533,P.1
MZ305368,P.1
MZ305369,P.1
MZ305375,P.1
MZ294167,P.1
MZ294505,P.1
MZ277935,P.1
MZ278804,P.1
MZ281879,P.1
MZ282230,P.1
MZ282235,P.1
MZ283254,P.1
MZ290344,P.1
MZ290662,P.1
MZ291371,P.1
MZ271159,P.1
MZ236865,P.1
MZ237799,P.1
MZ238763,P.1
MZ238801,P.1
MZ241033,P.1
MZ241037,P.1
MZ241039,P.1
MZ244851,P.1
MZ228144,P.1
MZ222467,P.1
MZ222470,P.1
MZ222472,P.1
MZ222482,P.1
MZ211314,P.1
MZ211832,P.1
MZ201395,P.1
MZ202055,P.1
MZ184449,P.1
MZ184705,P.1
MZ185887,P.1
MZ163605,P.1
MZ163795,P.1
MZ164429,P.1
MZ164431,P.1
MZ164490,P.1
MZ164493,P.1
MZ153873,P.1
MZ132933,P.1
MZ133052,P.1
MZ100991,P.1
MZ101069,P.1
MZ061340,P.1
MZ033040,P.1
MZ033041,P.1
MZ033043,P.1
MZ033203,P.1
MZ035824,P.1
MZ007148,P.1
MW963273,P.1
MW963410,P.1
MW963439,P.1
MW964542,P.1
MW840402,P.1
MZ202148,P.1
MZ156922,P.1
MZ203416,P.1
MZ322559,P.1
MZ322560,P.1
MZ322581,P.1
MZ310296,P.1
MZ310360,P.1
MZ359701,P.1
MZ202368,P.1
MZ202805,P.1
MZ425103,P.1
MZ425112,P.1
MZ359705,P.1
MZ348490,P.1
MZ348491,P.1
MZ322591,P.1
MZ323709,P.1
MZ310264,P.1
MZ310285,P.1
MZ310330,P.1
MZ310336,P.1
MZ245660,P.1
MZ246452,P.1
MZ233596,P.1
MZ233860,P.1
MZ233890,P.1
MZ233966,P.1
MZ449728,P.1
MZ450608,P.1
MZ386374,P.1
MZ185197,P.1
MZ074783,P.1
MZ022260,P.1
MZ024864,P.1
MZ433517,P.1
MZ433829,P.1
MZ433791,P.1
MZ433793,P.1
MZ433797,P.1
MZ433823,P.1
MZ433846,P.1
MZ433860,P.1
MZ358508,P.1
MZ164626,P.1
MZ164631,P.1
MZ331110,P.1
MZ278462,P.1
MZ278463,P.1
MZ278464,P.1
MZ451703,P.1
MZ447820,P.1
MZ447830,P.1
MZ448460,P.1
MZ433983,P.1
MZ414841,P.1
MZ414869,P.1
MZ414883,P.1
MZ414897,P.1
MZ414924,P.1
MZ414934,P.1
MZ414939,P.1
MZ414942,P.1
MZ414985,P.1
MZ414987,P.1
MZ415004,P.1
MZ415046,P.1
MZ415057,P.1
MZ415059,P.1
MZ415069,P.1
MZ415331,P.1
MZ415347,P.1
MZ404499,P.1
MZ404750,P.1
MZ404757,P.1
MZ404778,P.1
MZ404780,P.1
MZ404799,P.1
MZ404801,P.1
MZ404871,P.1
MZ405276,P.1
MZ405321,P.1
MZ405363,P.1
MZ405463,P.1
MZ405492,P.1
MZ405502,P.1
MZ405503,P.1
MZ405524,P.1
MZ405566,P.1
MZ405586,P.1
MZ392042,P.1
MZ392094,P.1
MZ392099,P.1
MZ392151,P.1
MZ392152,P.1
MZ392155,P.1
MZ392165,P.1
MZ392167,P.1
MZ392176,P.1
MZ392181,P.1
MZ392189,P.1
MZ382555,P.1
MZ382919,P.1
MZ382921,P.1
MZ382933,P.1
MZ382967,P.1
MZ383031,P.1
MZ383034,P.1
MZ383043,P.1
MZ383079,P.1
MZ383088,P.1
MZ385553,P.1
MZ388002,P.1
MZ388003,P.1
MZ388490,P.1
MZ376774,P.1
MZ366624,P.1
MZ366702,P.1
MZ367627,P.1
MZ367628,P.1
MZ367649,P.1
MZ367653,P.1
MZ367661,P.1
MZ367662,P.1
MZ367670,P.1
MZ367672,P.1
MZ367674,P.1
MZ367680,P.1
MZ362900,P.1
MZ362905,P.1
MZ363039,P.1
MZ363645,P.1
MZ363663,P.1
MZ357242,P.1
MZ351745,P.1
MZ345911,P.1
MZ334414,P.1
MZ334418,P.1
MZ303932,P.1
MZ303960,P.1
MZ264892,P.1
MZ264898,P.1
MZ264899,P.1
MZ264908,P.1
MZ264922,P.1
MZ264981,P.1
MZ264990,P.1
MZ264997,P.1
MZ245610,P.1
MZ224462,P.1
MZ189090,P.1
MZ189534,P.1
MZ189609,P.1
MZ170138,P.1
MZ170142,P.1
MZ170211,P.1
MZ170252,P.1
MZ170263,P.1
MZ170265,P.1
MZ170291,P.1
MZ170297,P.1
MZ170354,P.1
MZ170359,P.1
MZ170360,P.1
MZ170361,P.1
MZ144296,P.1
MZ055396,P.1
MZ055397,P.1
MZ055399,P.1
MZ044593,P.1
MZ044613,P.1
MZ044634,P.1
MZ028492,P.1
MZ028494,P.1
MW987799,P.1
MW908122,P.1
MW908127,P.1
MW908214,P.1
MW894020,P.1
MW894021,P.1
MW894034,P.1
MW894068,P.1
MW894072,P.1
MW894125,P.1
MW872690,P.1
MZ277386,P.1
MZ277387,P.1
MZ277388,P.1
MZ277389,P.1
MW938104,P.1
MW642248,P.1
MW642250,P.1
MZ264787,P.1
MZ397163,P.1
MZ397164,P.1
MZ397166,P.1
MZ397167,P.1
MZ169910,P.1
MZ169911,P.1
MZ020420,P.1
